Store,StoreTypeA,StoreTypeB,StoreTypeC,StoreTypeD,AssortmentA,AssortmentB,AssortmentC,Competition Distance,CompetitionOpenSinceMonth,CompetitionSinceYear,Promo2,Promo2SinceWeek,Promo2SinceYear,promoInterval(from1-12)
1,0,0,1,0,1,0,0,1270,9,2008,0,,,0,0,0,0,0,0,0,0,0,0,0,0
2,1,0,0,0,1,0,0,570,11,2007,1,13,2010,1,0,0,0,0,0,0,0,0,0,0,0
3,1,0,0,0,1,0,0,14130,12,2006,1,14,2011,1,0,0,0,0,0,0,0,0,0,0,0
4,0,0,1,0,0,0,1,620,9,2009,0,,,0,0,0,0,0,0,0,0,0,0,0,0
5,1,0,0,0,1,0,0,29910,4,2015,0,,,0,0,0,0,0,0,0,0,0,0,0,0
6,1,0,0,0,1,0,0,310,12,2013,0,,,0,0,0,0,0,0,0,0,0,0,0,0
7,1,0,0,0,0,0,1,24000,4,2013,0,,,0,0,0,0,0,0,0,0,0,0,0,0
8,1,0,0,0,1,0,0,7520,10,2014,0,,,0,0,0,0,0,0,0,0,0,0,0,0
9,1,0,0,0,0,0,1,2030,8,2000,0,,,0,0,0,0,0,0,0,0,0,0,0,0
10,1,0,0,0,1,0,0,3160,9,2009,0,,,0,0,0,0,0,0,0,0,0,0,0,0
11,1,0,0,0,0,0,1,960,11,2011,1,1,2012,1,0,0,0,0,0,0,0,0,0,0,0
12,1,0,0,0,0,0,1,1070,,,1,13,2010,1,0,0,0,0,0,0,0,0,0,0,0
13,0,0,0,1,1,0,0,310,,,1,45,2009,0,1,0,0,0,0,0,0,0,0,0,0
14,1,0,0,0,1,0,0,1300,3,2014,1,40,2011,1,0,0,0,0,0,0,0,0,0,0,0
15,0,0,0,1,0,0,1,4110,3,2010,1,14,2011,1,0,0,0,0,0,0,0,0,0,0,0
16,1,0,0,0,0,0,1,3270,,,0,,,0,0,0,0,0,0,0,0,0,0,0,0
17,1,0,0,0,1,0,0,50,12,2005,1,26,2010,1,0,0,0,0,0,0,0,0,0,0,0
18,0,0,0,1,0,0,1,13840,6,2010,1,14,2012,1,0,0,0,0,0,0,0,0,0,0,0
19,1,0,0,0,0,0,1,3240,,,1,22,2011,0,0,1,0,0,0,0,0,0,0,0,0
20,0,0,0,1,1,0,0,2340,5,2009,1,40,2014,1,0,0,0,0,0,0,0,0,0,0,0
21,0,0,1,0,0,0,1,550,10,1999,1,45,2009,1,0,0,0,0,0,0,0,0,0,0,0
22,1,0,0,0,1,0,0,1040,,,1,22,2012,1,0,0,0,0,0,0,0,0,0,0,0
23,0,0,0,1,1,0,0,4060,8,2005,0,,,0,0,0,0,0,0,0,0,0,0,0,0
24,1,0,0,0,0,0,1,4590,3,2000,1,40,2011,1,0,0,0,0,0,0,0,0,0,0,0
25,0,0,1,0,1,0,0,430,4,2003,0,,,0,0,0,0,0,0,0,0,0,0,0,0
26,0,0,0,1,1,0,0,2300,,,0,,,0,0,0,0,0,0,0,0,0,0,0,0
27,1,0,0,0,1,0,0,60,1,2005,1,5,2011,1,0,0,0,0,0,0,0,0,0,0,0
28,1,0,0,0,1,0,0,1200,10,2014,1,6,2015,0,0,1,0,0,0,0,0,0,0,0,0
29,0,0,0,1,0,0,1,2170,,,0,,,0,0,0,0,0,0,0,0,0,0,0,0
30,1,0,0,0,1,0,0,40,2,2014,1,10,2014,0,0,1,0,0,0,0,0,0,0,0,0
31,0,0,0,1,0,0,1,9800,7,2012,0,,,0,0,0,0,0,0,0,0,0,0,0,0
32,1,0,0,0,1,0,0,2910,,,1,45,2009,0,1,0,0,0,0,0,0,0,0,0,0
33,1,0,0,0,0,0,1,1320,5,2013,0,,,0,0,0,0,0,0,0,0,0,0,0,0
34,0,0,1,0,1,0,0,2240,9,2009,0,,,0,0,0,0,0,0,0,0,0,0,0,0
35,0,0,0,1,0,0,1,7660,10,2000,1,1,2012,1,0,0,0,0,0,0,0,0,0,0,0
36,1,0,0,0,0,0,1,540,6,2003,1,40,2014,1,0,0,0,0,0,0,0,0,0,0,0
37,0,0,1,0,1,0,0,4230,12,2014,0,,,0,0,0,0,0,0,0,0,0,0,0,0
38,0,0,0,1,1,0,0,1090,4,2007,0,,,0,0,0,0,0,0,0,0,0,0,0,0
39,1,0,0,0,1,0,0,260,10,2006,1,31,2013,0,1,0,0,0,0,0,0,0,0,0,0
40,1,0,0,0,1,0,0,180,,,1,45,2009,0,1,0,0,0,0,0,0,0,0,0,0
41,0,0,0,1,0,0,1,1180,,,1,31,2013,1,0,0,0,0,0,0,0,0,0,0,0
42,1,0,0,0,0,0,1,290,,,1,40,2011,1,0,0,0,0,0,0,0,0,0,0,0
43,0,0,0,1,1,0,0,4880,,,1,37,2009,1,0,0,0,0,0,0,0,0,0,0,0
44,1,0,0,0,1,0,0,540,6,2011,0,,,0,0,0,0,0,0,0,0,0,0,0,0
45,0,0,0,1,1,0,0,9710,2,2014,0,,,0,0,0,0,0,0,0,0,0,0,0,0
46,0,0,1,0,1,0,0,1200,9,2005,1,14,2011,1,0,0,0,0,0,0,0,0,0,0,0
47,1,0,0,0,0,0,1,270,4,2013,1,14,2013,1,0,0,0,0,0,0,0,0,0,0,0
48,1,0,0,0,1,0,0,1060,5,2012,0,,,0,0,0,0,0,0,0,0,0,0,0,0
49,0,0,0,1,0,0,1,18010,9,2007,0,,,0,0,0,0,0,0,0,0,0,0,0,0
50,0,0,0,1,1,0,0,6260,11,2009,0,,,0,0,0,0,0,0,0,0,0,0,0,0
51,1,0,0,0,0,0,1,10570,7,2013,1,9,2011,1,0,0,0,0,0,0,0,0,0,0,0
52,0,0,0,1,0,0,1,450,4,2014,1,39,2010,1,0,0,0,0,0,0,0,0,0,0,0
53,1,0,0,0,0,0,1,30360,9,2013,0,,,0,0,0,0,0,0,0,0,0,0,0,0
54,0,0,0,1,0,0,1,7170,8,2014,1,5,2013,0,1,0,0,0,0,0,0,0,0,0,0
55,1,0,0,0,1,0,0,720,11,2004,0,,,0,0,0,0,0,0,0,0,0,0,0,0
56,0,0,0,1,0,0,1,6620,3,2012,1,10,2014,0,0,1,0,0,0,0,0,0,0,0,0
57,0,0,0,1,0,0,1,420,6,2014,0,,,0,0,0,0,0,0,0,0,0,0,0,0
58,1,0,0,0,0,0,1,7340,5,2008,1,27,2012,1,0,0,0,0,0,0,0,0,0,0,0
59,1,0,0,0,0,0,1,2840,6,2007,1,14,2011,1,0,0,0,0,0,0,0,0,0,0,0
60,0,0,0,1,0,0,1,5540,10,2009,0,,,0,0,0,0,0,0,0,0,0,0,0,0
61,1,0,0,0,0,0,1,350,12,2007,1,1,2012,1,0,0,0,0,0,0,0,0,0,0,0
62,1,0,0,0,1,0,0,2050,,,0,,,0,0,0,0,0,0,0,0,0,0,0,0
63,0,0,1,0,0,0,1,3700,6,2010,1,18,2010,0,1,0,0,0,0,0,0,0,0,0,0
64,0,0,0,1,0,0,1,22560,,,1,14,2013,1,0,0,0,0,0,0,0,0,0,0,0
65,1,0,0,0,0,0,1,13840,5,2010,1,1,2012,1,0,0,0,0,0,0,0,0,0,0,0
66,0,0,0,1,1,0,0,7660,,,1,37,2009,1,0,0,0,0,0,0,0,0,0,0,0
67,1,0,0,0,0,0,1,410,2,2006,0,,,0,0,0,0,0,0,0,0,0,0,0,0
68,1,0,0,0,0,0,1,250,,,1,35,2012,0,0,1,0,0,0,0,0,0,0,0,0
69,0,0,1,0,0,0,1,1130,,,1,40,2011,1,0,0,0,0,0,0,0,0,0,0,0
70,0,0,1,0,0,0,1,4840,,,0,,,0,0,0,0,0,0,0,0,0,0,0,0
71,1,0,0,0,1,0,0,17500,8,2008,1,37,2009,0,0,1,0,0,0,0,0,0,0,0,0
72,1,0,0,0,1,0,0,2200,12,2009,1,13,2010,1,0,0,0,0,0,0,0,0,0,0,0
73,1,0,0,0,0,0,1,1650,9,2008,0,,,0,0,0,0,0,0,0,0,0,0,0,0
74,1,0,0,0,1,0,0,330,,,0,,,0,0,0,0,0,0,0,0,0,0,0,0
75,0,0,0,1,0,0,1,22440,12,2013,0,,,0,0,0,0,0,0,0,0,0,0,0,0
76,0,0,0,1,0,0,1,19960,3,2006,0,,,0,0,0,0,0,0,0,0,0,0,0,0
77,0,0,0,1,0,0,1,1090,8,2009,1,10,2014,1,0,0,0,0,0,0,0,0,0,0,0
78,1,0,0,0,1,0,0,3510,11,2006,1,5,2013,0,1,0,0,0,0,0,0,0,0,0,0
79,1,0,0,0,1,0,0,3320,,,0,,,0,0,0,0,0,0,0,0,0,0,0,0
80,0,0,0,1,1,0,0,7910,,,0,,,0,0,0,0,0,0,0,0,0,0,0,0
81,1,0,0,0,1,0,0,2370,3,2011,1,40,2014,1,0,0,0,0,0,0,0,0,0,0,0
82,1,0,0,0,1,0,0,22390,4,2008,1,37,2009,1,0,0,0,0,0,0,0,0,0,0,0
83,1,0,0,0,1,0,0,2710,,,0,,,0,0,0,0,0,0,0,0,0,0,0,0
84,1,0,0,0,0,0,1,11810,8,2014,0,,,0,0,0,0,0,0,0,0,0,0,0,0
85,0,1,0,0,1,0,0,1870,10,2011,0,,,0,0,0,0,0,0,0,0,0,0,0,0
86,1,0,0,0,1,0,0,480,2,2005,1,31,2013,1,0,0,0,0,0,0,0,0,0,0,0
87,1,0,0,0,1,0,0,560,12,2010,0,,,0,0,0,0,0,0,0,0,0,0,0,0
88,1,0,0,0,1,0,0,10690,10,2005,0,,,0,0,0,0,0,0,0,0,0,0,0,0
89,1,0,0,0,1,0,0,2380,7,2004,1,40,2014,1,0,0,0,0,0,0,0,0,0,0,0
90,1,0,0,0,1,0,0,330,11,2007,0,,,0,0,0,0,0,0,0,0,0,0,0,0
91,0,0,1,0,1,0,0,2410,,,1,35,2011,1,0,0,0,0,0,0,0,0,0,0,0
92,0,0,1,0,1,0,0,240,,,1,45,2009,0,1,0,0,0,0,0,0,0,0,0,0
93,1,0,0,0,1,0,0,16690,,,1,14,2011,1,0,0,0,0,0,0,0,0,0,0,0
94,0,0,0,1,0,0,1,14620,,,0,,,0,0,0,0,0,0,0,0,0,0,0,0
95,1,0,0,0,1,0,0,1890,10,2014,0,,,0,0,0,0,0,0,0,0,0,0,0,0
96,1,0,0,0,1,0,0,8780,2,2005,1,37,2009,1,0,0,0,0,0,0,0,0,0,0,0
97,0,0,0,1,0,0,1,8980,,,0,,,0,0,0,0,0,0,0,0,0,0,0,0
98,0,0,0,1,0,0,1,15140,12,2006,1,1,2012,1,0,0,0,0,0,0,0,0,0,0,0
99,0,0,1,0,0,0,1,2030,11,2003,1,22,2012,0,0,1,0,0,0,0,0,0,0,0,0
100,0,0,0,1,1,0,0,17930,,,0,,,0,0,0,0,0,0,0,0,0,0,0,0
101,0,0,0,1,0,0,1,2440,,,1,22,2012,0,0,1,0,0,0,0,0,0,0,0,0
102,1,0,0,0,1,0,0,150,12,2007,1,10,2014,0,0,1,0,0,0,0,0,0,0,0,0
103,0,0,0,1,0,0,1,5210,5,2015,0,,,0,0,0,0,0,0,0,0,0,0,0,0
104,1,0,0,0,1,0,0,390,6,2009,0,,,0,0,0,0,0,0,0,0,0,0,0,0
105,1,0,0,0,0,0,1,6190,,,1,23,2013,0,0,1,0,0,0,0,0,0,0,0,0
106,1,0,0,0,1,0,0,1390,8,2013,0,,,0,0,0,0,0,0,0,0,0,0,0,0
107,1,0,0,0,1,0,0,1930,9,2009,0,,,0,0,0,0,0,0,0,0,0,0,0,0
108,0,0,0,1,0,0,1,2190,9,2003,0,,,0,0,0,0,0,0,0,0,0,0,0,0
109,1,0,0,0,0,0,1,3300,11,2010,0,,,0,0,0,0,0,0,0,0,0,0,0,0
110,1,0,0,0,0,0,1,46590,4,2013,0,,,0,0,0,0,0,0,0,0,0,0,0,0
111,0,0,0,1,0,0,1,7890,,,1,37,2009,1,0,0,0,0,0,0,0,0,0,0,0
112,1,0,0,0,1,0,0,1630,9,2009,0,,,0,0,0,0,0,0,0,0,0,0,0,0
113,0,0,0,1,0,0,1,20930,11,1999,0,,,0,0,0,0,0,0,0,0,0,0,0,0
114,0,0,1,0,1,0,0,4510,,,1,48,2011,0,0,1,0,0,0,0,0,0,0,0,0
115,0,0,0,1,0,0,1,5740,4,2007,1,40,2014,1,0,0,0,0,0,0,0,0,0,0,0
116,1,0,0,0,1,0,0,680,4,2013,0,,,0,0,0,0,0,0,0,0,0,0,0,0
117,1,0,0,0,1,0,0,3450,9,2011,0,,,0,0,0,0,0,0,0,0,0,0,0,0
118,0,0,0,1,0,0,1,3580,9,2012,0,,,0,0,0,0,0,0,0,0,0,0,0,0
119,1,0,0,0,0,0,1,2100,2,2010,0,,,0,0,0,0,0,0,0,0,0,0,0,0
120,0,0,0,1,1,0,0,2290,12,2014,1,37,2009,1,0,0,0,0,0,0,0,0,0,0,0
121,1,0,0,0,1,0,0,3570,11,2009,1,36,2013,0,0,1,0,0,0,0,0,0,0,0,0
122,1,0,0,0,0,0,1,58260,4,2013,0,,,0,0,0,0,0,0,0,0,0,0,0,0
123,1,0,0,0,1,0,0,16760,9,2011,0,,,0,0,0,0,0,0,0,0,0,0,0,0
124,1,0,0,0,1,0,0,1410,4,2003,0,,,0,0,0,0,0,0,0,0,0,0,0,0
125,1,0,0,0,1,0,0,760,12,2005,0,,,0,0,0,0,0,0,0,0,0,0,0,0
126,0,0,0,1,1,0,0,3370,10,2014,1,18,2011,0,1,0,0,0,0,0,0,0,0,0,0
127,0,0,0,1,1,0,0,1350,12,2005,1,13,2010,1,0,0,0,0,0,0,0,0,0,0,0
128,0,0,0,1,0,0,1,2000,,,1,1,2013,1,0,0,0,0,0,0,0,0,0,0,0
129,1,0,0,0,1,0,0,2460,,,1,14,2011,1,0,0,0,0,0,0,0,0,0,0,0
130,0,0,1,0,1,0,0,900,,,1,13,2010,1,0,0,0,0,0,0,0,0,0,0,0
131,0,0,1,0,1,0,0,920,7,2015,0,,,0,0,0,0,0,0,0,0,0,0,0,0
132,0,0,0,1,0,0,1,1040,,,1,27,2012,1,0,0,0,0,0,0,0,0,0,0,0
133,1,0,0,0,1,0,0,270,8,2013,1,10,2014,0,0,1,0,0,0,0,0,0,0,0,0
134,1,0,0,0,1,0,0,1200,9,2008,0,,,0,0,0,0,0,0,0,0,0,0,0,0
135,0,0,0,1,1,0,0,5190,,,1,1,2013,1,0,0,0,0,0,0,0,0,0,0,0
136,1,0,0,0,0,0,1,2200,12,2010,1,22,2012,0,1,0,0,0,0,0,0,0,0,0,0
137,1,0,0,0,1,0,0,1730,7,2015,1,40,2014,1,0,0,0,0,0,0,0,0,0,0,0
138,1,0,0,0,0,0,1,25360,10,2014,0,,,0,0,0,0,0,0,0,0,0,0,0,0
139,1,0,0,0,1,0,0,1700,1,2008,1,14,2011,1,0,0,0,0,0,0,0,0,0,0,0
140,1,0,0,0,0,0,1,1090,7,2010,1,1,2013,1,0,0,0,0,0,0,0,0,0,0,0
141,0,0,1,0,0,0,1,1540,,,1,22,2012,0,0,1,0,0,0,0,0,0,0,0,0
142,1,0,0,0,1,0,0,1090,7,2002,0,,,0,0,0,0,0,0,0,0,0,0,0,0
143,0,0,0,1,1,0,0,2930,12,2002,0,,,0,0,0,0,0,0,0,0,0,0,0,0
144,1,0,0,0,0,0,1,16570,,,0,,,0,0,0,0,0,0,0,0,0,0,0,0
145,1,0,0,0,1,0,0,280,,,1,45,2009,0,1,0,0,0,0,0,0,0,0,0,0
146,0,0,0,1,0,0,1,8050,10,1961,1,48,2012,1,0,0,0,0,0,0,0,0,0,0,0
147,0,0,0,1,0,0,1,8540,,,0,,,0,0,0,0,0,0,0,0,0,0,0,0
148,1,0,0,0,1,0,0,2090,12,2008,0,,,0,0,0,0,0,0,0,0,0,0,0,0
149,0,0,0,1,1,0,0,2610,7,2006,1,14,2011,1,0,0,0,0,0,0,0,0,0,0,0
150,0,0,1,0,0,0,1,31830,3,2010,0,,,0,0,0,0,0,0,0,0,0,0,0,0
151,0,0,0,1,0,0,1,4360,10,2005,0,,,0,0,0,0,0,0,0,0,0,0,0,0
152,1,0,0,0,1,0,0,1780,,,0,,,0,0,0,0,0,0,0,0,0,0,0,0
153,1,0,0,0,1,0,0,16240,10,2000,1,18,2011,0,1,0,0,0,0,0,0,0,0,0,0
154,0,0,0,1,0,0,1,16420,,,0,,,0,0,0,0,0,0,0,0,0,0,0,0
155,0,0,0,1,1,0,0,3050,,,1,35,2010,1,0,0,0,0,0,0,0,0,0,0,0
156,1,0,0,0,1,0,0,2020,2,2011,1,14,2011,0,0,1,0,0,0,0,0,0,0,0,0
157,1,0,0,0,0,0,1,2950,10,2004,0,,,0,0,0,0,0,0,0,0,0,0,0,0
158,0,0,0,1,0,0,1,11840,,,1,31,2009,0,1,0,0,0,0,0,0,0,0,0,0
159,0,0,0,1,1,0,0,8530,3,2013,0,,,0,0,0,0,0,0,0,0,0,0,0,0
160,0,0,0,1,0,0,1,17110,11,2005,0,,,0,0,0,0,0,0,0,0,0,0,0,0
161,1,0,0,0,0,0,1,2970,3,2005,0,,,0,0,0,0,0,0,0,0,0,0,0,0
162,0,0,0,1,0,0,1,5340,3,2012,1,13,2010,1,0,0,0,0,0,0,0,0,0,0,0
163,1,0,0,0,1,0,0,1480,4,2009,0,,,0,0,0,0,0,0,0,0,0,0,0,0
164,1,0,0,0,1,0,0,1160,9,2005,1,13,2010,1,0,0,0,0,0,0,0,0,0,0,0
165,1,0,0,0,1,0,0,3720,4,2005,1,13,2010,1,0,0,0,0,0,0,0,0,0,0,0
166,1,0,0,0,0,0,1,100,4,2014,1,31,2013,1,0,0,0,0,0,0,0,0,0,0,0
167,1,0,0,0,1,0,0,140,4,2008,0,,,0,0,0,0,0,0,0,0,0,0,0,0
168,1,0,0,0,1,0,0,12540,,,0,,,0,0,0,0,0,0,0,0,0,0,0,0
169,0,0,0,1,1,0,0,980,7,2014,1,18,2014,0,1,0,0,0,0,0,0,0,0,0,0
170,1,0,0,0,1,0,0,1070,5,2015,1,14,2011,1,0,0,0,0,0,0,0,0,0,0,0
171,1,0,0,0,1,0,0,2640,,,0,,,0,0,0,0,0,0,0,0,0,0,0,0
172,1,0,0,0,1,0,0,110,,,1,40,2014,1,0,0,0,0,0,0,0,0,0,0,0
173,1,0,0,0,1,0,0,350,12,2012,0,,,0,0,0,0,0,0,0,0,0,0,0,0
174,1,0,0,0,1,0,0,13090,,,1,22,2012,1,0,0,0,0,0,0,0,0,0,0,0
175,0,0,1,0,1,0,0,4130,,,0,,,0,0,0,0,0,0,0,0,0,0,0,0
176,1,0,0,0,1,0,0,3770,,,0,,,0,0,0,0,0,0,0,0,0,0,0,0
177,1,0,0,0,1,0,0,1250,2,2004,1,5,2013,0,1,0,0,0,0,0,0,0,0,0,0
178,0,0,0,1,1,0,0,1710,,,0,,,0,0,0,0,0,0,0,0,0,0,0,0
179,1,0,0,0,0,0,1,480,,,0,,,0,0,0,0,0,0,0,0,0,0,0,0
180,0,0,0,1,1,0,0,5800,9,2010,0,,,0,0,0,0,0,0,0,0,0,0,0,0
181,1,0,0,0,1,0,0,12610,3,2013,1,14,2011,1,0,0,0,0,0,0,0,0,0,0,0
182,0,0,0,1,0,0,1,1390,,,1,9,2011,0,0,1,0,0,0,0,0,0,0,0,0
183,1,0,0,0,1,0,0,9670,,,0,,,0,0,0,0,0,0,0,0,0,0,0,0
184,0,0,0,1,0,0,1,3560,,,0,,,0,0,0,0,0,0,0,0,0,0,0,0
185,0,0,0,1,0,0,1,1860,5,2015,0,,,0,0,0,0,0,0,0,0,0,0,0,0
186,1,0,0,0,1,0,0,290,10,2011,1,40,2014,1,0,0,0,0,0,0,0,0,0,0,0
187,1,0,0,0,0,0,1,19360,,,0,,,0,0,0,0,0,0,0,0,0,0,0,0
188,0,0,0,1,1,0,0,850,,,1,18,2011,0,1,0,0,0,0,0,0,0,0,0,0
189,0,0,0,1,1,0,0,5760,7,2014,0,,,0,0,0,0,0,0,0,0,0,0,0,0
190,1,0,0,0,1,0,0,1470,12,2006,1,40,2014,1,0,0,0,0,0,0,0,0,0,0,0
191,1,0,0,0,1,0,0,1100,8,2013,1,40,2014,1,0,0,0,0,0,0,0,0,0,0,0
192,0,0,0,1,0,0,1,2770,3,2008,1,40,2014,1,0,0,0,0,0,0,0,0,0,0,0
193,1,0,0,0,1,0,0,520,,,0,,,0,0,0,0,0,0,0,0,0,0,0,0
194,0,0,0,1,0,0,1,16970,,,1,5,2013,0,1,0,0,0,0,0,0,0,0,0,0
195,1,0,0,0,0,0,1,220,,,0,,,0,0,0,0,0,0,0,0,0,0,0,0
196,0,0,1,0,1,0,0,3850,11,2005,1,14,2011,1,0,0,0,0,0,0,0,0,0,0,0
197,0,0,1,0,1,0,0,4210,3,2015,0,,,0,0,0,0,0,0,0,0,0,0,0,0
198,1,0,0,0,1,0,0,290,9,2002,1,13,2010,1,0,0,0,0,0,0,0,0,0,0,0
199,0,0,0,1,0,0,1,6360,12,2010,1,14,2012,0,0,1,0,0,0,0,0,0,0,0,0
200,1,0,0,0,1,0,0,1650,10,2000,0,,,0,0,0,0,0,0,0,0,0,0,0,0
201,0,0,0,1,1,0,0,20260,,,1,18,2014,0,0,1,0,0,0,0,0,0,0,0,0
202,0,0,0,1,0,0,1,5140,5,2010,0,,,0,0,0,0,0,0,0,0,0,0,0,0
203,0,0,1,0,0,0,1,490,11,2002,0,,,0,0,0,0,0,0,0,0,0,0,0,0
204,1,0,0,0,1,0,0,5630,12,2002,1,40,2014,1,0,0,0,0,0,0,0,0,0,0,0
205,1,0,0,0,1,0,0,110,12,2007,0,,,0,0,0,0,0,0,0,0,0,0,0,0
206,1,0,0,0,0,0,1,380,,,1,14,2012,1,0,0,0,0,0,0,0,0,0,0,0
207,1,0,0,0,1,0,0,6870,,,0,,,0,0,0,0,0,0,0,0,0,0,0,0
208,0,0,1,0,1,0,0,300,4,2006,0,,,0,0,0,0,0,0,0,0,0,0,0,0
209,1,0,0,0,0,0,1,11680,9,2011,1,31,2013,1,0,0,0,0,0,0,0,0,0,0,0
210,0,0,0,1,1,0,0,970,11,1999,1,5,2013,0,1,0,0,0,0,0,0,0,0,0,0
211,1,0,0,0,0,0,1,350,11,2006,0,,,0,0,0,0,0,0,0,0,0,0,0,0
212,1,0,0,0,0,0,1,15050,9,2008,0,,,0,0,0,0,0,0,0,0,0,0,0,0
213,0,0,0,1,0,0,1,4030,3,2014,1,1,2014,1,0,0,0,0,0,0,0,0,0,0,0
214,0,0,0,1,1,0,0,8650,7,2013,1,10,2014,1,0,0,0,0,0,0,0,0,0,0,0
215,0,0,0,1,1,0,0,150,,,1,45,2009,0,1,0,0,0,0,0,0,0,0,0,0
216,0,0,1,0,1,0,0,190,,,1,45,2009,0,1,0,0,0,0,0,0,0,0,0,0
217,0,0,1,0,1,0,0,3150,,,0,,,0,0,0,0,0,0,0,0,0,0,0,0
218,1,0,0,0,0,0,1,640,,,1,9,2011,0,0,1,0,0,0,0,0,0,0,0,0
219,1,0,0,0,1,0,0,1640,2,2013,0,,,0,0,0,0,0,0,0,0,0,0,0,0
220,1,0,0,0,1,0,0,1000,9,2008,0,,,0,0,0,0,0,0,0,0,0,0,0,0
221,0,0,0,1,0,0,1,13530,9,2013,0,,,0,0,0,0,0,0,0,0,0,0,0,0
222,1,0,0,0,1,0,0,2170,11,2008,0,,,0,0,0,0,0,0,0,0,0,0,0,0
223,0,0,0,1,0,0,1,2920,10,1995,1,27,2011,1,0,0,0,0,0,0,0,0,0,0,0
224,0,0,0,1,0,0,1,7930,,,1,1,2013,1,0,0,0,0,0,0,0,0,0,0,0
225,0,0,0,1,1,0,0,10180,5,2015,0,,,0,0,0,0,0,0,0,0,0,0,0,0
226,1,0,0,0,1,0,0,450,,,0,,,0,0,0,0,0,0,0,0,0,0,0,0
227,1,0,0,0,1,0,0,2370,,,0,,,0,0,0,0,0,0,0,0,0,0,0,0
228,0,0,0,1,0,0,1,10800,,,1,18,2011,0,1,0,0,0,0,0,0,0,0,0,0
229,0,0,0,1,0,0,1,17410,4,2007,1,14,2011,1,0,0,0,0,0,0,0,0,0,0,0
230,0,0,0,1,0,0,1,6680,9,2013,0,,,0,0,0,0,0,0,0,0,0,0,0,0
231,0,0,0,1,0,0,1,3840,10,2008,1,39,2010,0,1,0,0,0,0,0,0,0,0,0,0
232,0,0,1,0,0,0,1,13570,5,2010,1,10,2013,0,0,1,0,0,0,0,0,0,0,0,0
233,1,0,0,0,1,0,0,1890,,,0,,,0,0,0,0,0,0,0,0,0,0,0,0
234,0,0,0,1,1,0,0,4370,,,0,,,0,0,0,0,0,0,0,0,0,0,0,0
235,1,0,0,0,1,0,0,5710,3,2012,1,37,2009,1,0,0,0,0,0,0,0,0,0,0,0
236,1,0,0,0,1,0,0,1000,11,2007,0,,,0,0,0,0,0,0,0,0,0,0,0,0
237,1,0,0,0,1,0,0,1420,11,2007,0,,,0,0,0,0,0,0,0,0,0,0,0,0
238,1,0,0,0,1,0,0,320,,,1,45,2009,0,1,0,0,0,0,0,0,0,0,0,0
239,0,0,0,1,0,0,1,610,,,0,,,0,0,0,0,0,0,0,0,0,0,0,0
240,1,0,0,0,1,0,0,1110,5,2009,0,,,0,0,0,0,0,0,0,0,0,0,0,0
241,0,0,0,1,0,0,1,780,,,0,,,0,0,0,0,0,0,0,0,0,0,0,0
242,0,0,0,1,1,0,0,6880,9,2001,1,14,2011,1,0,0,0,0,0,0,0,0,0,0,0
243,1,0,0,0,1,0,0,310,,,1,5,2013,0,1,0,0,0,0,0,0,0,0,0,0
244,0,0,0,1,1,0,0,710,3,2012,1,1,2012,1,0,0,0,0,0,0,0,0,0,0,0
245,1,0,0,0,0,0,1,1310,,,0,,,0,0,0,0,0,0,0,0,0,0,0,0
246,0,0,1,0,1,0,0,4660,4,2013,0,,,0,0,0,0,0,0,0,0,0,0,0,0
247,0,0,0,1,0,0,1,70,11,2010,1,5,2013,0,1,0,0,0,0,0,0,0,0,0,0
248,1,0,0,0,0,0,1,340,9,2012,1,40,2012,1,0,0,0,0,0,0,0,0,0,0,0
249,0,0,0,1,0,0,1,18010,9,2014,0,,,0,0,0,0,0,0,0,0,0,0,0,0
250,0,0,0,1,1,0,0,3520,,,1,18,2012,0,1,0,0,0,0,0,0,0,0,0,0
251,1,0,0,0,0,0,1,340,,,0,,,0,0,0,0,0,0,0,0,0,0,0,0
252,0,0,0,1,0,0,1,22330,,,1,5,2010,0,1,0,0,0,0,0,0,0,0,0,0
253,1,0,0,0,0,0,1,250,,,1,5,2013,0,1,0,0,0,0,0,0,0,0,0,0
254,0,0,0,1,1,0,0,330,3,2008,1,1,2012,0,0,1,0,0,0,0,0,0,0,0,0
255,0,0,1,0,0,0,1,4630,3,2011,1,35,2011,0,1,0,0,0,0,0,0,0,0,0,0
256,1,0,0,0,0,0,1,80,9,2005,1,10,2014,0,0,1,0,0,0,0,0,0,0,0,0
257,1,0,0,0,1,0,0,420,12,2012,0,,,0,0,0,0,0,0,0,0,0,0,0,0
258,1,0,0,0,1,0,0,27190,7,2010,1,37,2009,1,0,0,0,0,0,0,0,0,0,0,0
259,0,1,0,0,0,1,0,210,,,0,,,0,0,0,0,0,0,0,0,0,0,0,0
260,1,0,0,0,1,0,0,540,10,2011,0,,,0,0,0,0,0,0,0,0,0,0,0,0
261,0,0,0,1,0,0,1,15340,4,2015,1,39,2009,1,0,0,0,0,0,0,0,0,0,0,0
262,0,1,0,0,1,0,0,1180,5,2013,0,,,0,0,0,0,0,0,0,0,0,0,0,0
263,1,0,0,0,0,0,1,1140,5,2013,1,40,2014,1,0,0,0,0,0,0,0,0,0,0,0
264,1,0,0,0,1,0,0,180,3,2014,0,,,0,0,0,0,0,0,0,0,0,0,0,0
265,1,0,0,0,1,0,0,4580,,,1,14,2015,1,0,0,0,0,0,0,0,0,0,0,0
266,1,0,0,0,0,0,1,360,3,2014,1,9,2011,0,0,1,0,0,0,0,0,0,0,0,0
267,0,0,1,0,1,0,0,2460,1,2012,0,,,0,0,0,0,0,0,0,0,0,0,0,0
268,1,0,0,0,1,0,0,4520,2,2014,0,,,0,0,0,0,0,0,0,0,0,0,0,0
269,1,0,0,0,0,0,1,60,6,2015,0,,,0,0,0,0,0,0,0,0,0,0,0,0
270,1,0,0,0,1,0,0,1450,7,2014,0,,,0,0,0,0,0,0,0,0,0,0,0,0
271,1,0,0,0,1,0,0,420,,,1,14,2011,1,0,0,0,0,0,0,0,0,0,0,0
272,1,0,0,0,1,0,0,16180,7,2003,1,14,2011,1,0,0,0,0,0,0,0,0,0,0,0
273,1,0,0,0,0,0,1,8480,,,0,,,0,0,0,0,0,0,0,0,0,0,0,0
274,0,1,0,0,0,1,0,3640,,,1,10,2013,1,0,0,0,0,0,0,0,0,0,0,0
275,0,0,0,1,1,0,0,300,5,2014,1,40,2014,1,0,0,0,0,0,0,0,0,0,0,0
276,1,0,0,0,1,0,0,2960,10,2014,1,36,2013,0,0,1,0,0,0,0,0,0,0,0,0
277,0,0,0,1,0,0,1,7840,,,1,31,2009,0,1,0,0,0,0,0,0,0,0,0,0
278,1,0,0,0,0,0,1,9260,2,2010,0,,,0,0,0,0,0,0,0,0,0,0,0,0
279,0,0,0,1,0,0,1,2320,,,1,40,2012,1,0,0,0,0,0,0,0,0,0,0,0
280,0,0,0,1,0,0,1,18640,9,2013,1,10,2014,0,0,1,0,0,0,0,0,0,0,0,0
281,0,0,0,1,0,0,1,6970,9,2011,0,,,0,0,0,0,0,0,0,0,0,0,0,0
282,1,0,0,0,1,0,0,1220,12,2010,0,,,0,0,0,0,0,0,0,0,0,0,0,0
283,1,0,0,0,1,0,0,2260,,,1,40,2014,1,0,0,0,0,0,0,0,0,0,0,0
284,0,0,0,1,1,0,0,1290,,,1,40,2014,1,0,0,0,0,0,0,0,0,0,0,0
285,1,0,0,0,1,0,0,2410,,,0,,,0,0,0,0,0,0,0,0,0,0,0,0
286,1,0,0,0,1,0,0,1460,4,2015,0,,,0,0,0,0,0,0,0,0,0,0,0,0
287,0,0,1,0,1,0,0,2740,5,2009,1,40,2014,1,0,0,0,0,0,0,0,0,0,0,0
288,0,0,0,1,1,0,0,800,,,1,14,2011,0,0,1,0,0,0,0,0,0,0,0,0
289,0,0,0,1,1,0,0,6540,12,2007,0,,,0,0,0,0,0,0,0,0,0,0,0,0
290,1,0,0,0,1,0,0,4150,5,2001,0,,,0,0,0,0,0,0,0,0,0,0,0,0
291,0,0,0,1,1,0,0,,,,0,,,0,0,0,0,0,0,0,0,0,0,0,0
292,1,0,0,0,1,0,0,1100,6,2009,0,,,0,0,0,0,0,0,0,0,0,0,0,0
293,0,0,1,0,0,0,1,140,11,2007,0,,,0,0,0,0,0,0,0,0,0,0,0,0
294,1,0,0,0,1,0,0,3150,5,2005,0,,,0,0,0,0,0,0,0,0,0,0,0,0
295,1,0,0,0,1,0,0,210,11,2000,1,36,2013,0,0,1,0,0,0,0,0,0,0,0,0
296,1,0,0,0,1,0,0,9580,5,2007,1,45,2014,0,1,0,0,0,0,0,0,0,0,0,0
297,1,0,0,0,1,0,0,2300,9,2010,0,,,0,0,0,0,0,0,0,0,0,0,0,0
298,0,0,0,1,1,0,0,19840,7,2009,0,,,0,0,0,0,0,0,0,0,0,0,0,0
299,0,0,0,1,0,0,1,38630,9,2012,0,,,0,0,0,0,0,0,0,0,0,0,0,0
300,1,0,0,0,0,0,1,120,4,2009,1,1,2012,1,0,0,0,0,0,0,0,0,0,0,0
301,1,0,0,0,0,0,1,4510,3,2015,0,,,0,0,0,0,0,0,0,0,0,0,0,0
302,0,0,0,1,0,0,1,2190,12,2007,1,9,2011,0,0,1,0,0,0,0,0,0,0,0,0
303,1,0,0,0,1,0,0,15430,11,2012,1,18,2011,0,1,0,0,0,0,0,0,0,0,0,0
304,1,0,0,0,1,0,0,1950,7,2015,0,,,0,0,0,0,0,0,0,0,0,0,0,0
305,0,0,1,0,0,0,1,2470,2,2005,1,31,2013,0,0,1,0,0,0,0,0,0,0,0,0
306,1,0,0,0,1,0,0,5100,4,2007,1,40,2014,1,0,0,0,0,0,0,0,0,0,0,0
307,1,0,0,0,1,0,0,18660,9,2002,0,,,0,0,0,0,0,0,0,0,0,0,0,0
308,1,0,0,0,1,0,0,1070,12,2006,1,13,2010,1,0,0,0,0,0,0,0,0,0,0,0
309,0,0,0,1,1,0,0,8740,,,1,37,2009,0,1,0,0,0,0,0,0,0,0,0,0
310,1,0,0,0,0,0,1,2290,,,1,10,2014,0,0,1,0,0,0,0,0,0,0,0,0
311,1,0,0,0,0,0,1,680,7,2005,0,,,0,0,0,0,0,0,0,0,0,0,0,0
312,0,0,0,1,1,0,0,11300,3,2012,0,,,0,0,0,0,0,0,0,0,0,0,0,0
313,0,0,0,1,0,0,1,14160,,,0,,,0,0,0,0,0,0,0,0,0,0,0,0
314,1,0,0,0,1,0,0,3560,10,2001,1,31,2013,0,1,0,0,0,0,0,0,0,0,0,0
315,1,0,0,0,0,0,1,38710,4,2013,0,,,0,0,0,0,0,0,0,0,0,0,0,0
316,0,0,0,1,1,0,0,9000,8,2001,0,,,0,0,0,0,0,0,0,0,0,0,0,0
317,0,0,0,1,1,0,0,3140,7,2013,1,14,2011,1,0,0,0,0,0,0,0,0,0,0,0
318,0,0,0,1,0,0,1,32330,3,2014,0,,,0,0,0,0,0,0,0,0,0,0,0,0
319,1,0,0,0,0,0,1,570,9,2012,1,27,2012,0,0,1,0,0,0,0,0,0,0,0,0
320,1,0,0,0,0,0,1,210,9,2012,0,,,0,0,0,0,0,0,0,0,0,0,0,0
321,0,0,1,0,0,0,1,8140,11,2013,1,10,2014,0,0,1,0,0,0,0,0,0,0,0,0
322,1,0,0,0,1,0,0,17500,4,2001,1,37,2009,1,0,0,0,0,0,0,0,0,0,0,0
323,0,0,0,1,0,0,1,8400,4,2012,1,5,2013,0,1,0,0,0,0,0,0,0,0,0,0
324,1,0,0,0,1,0,0,13140,,,1,14,2011,1,0,0,0,0,0,0,0,0,0,0,0
325,1,0,0,0,0,0,1,350,3,2011,1,22,2011,0,1,0,0,0,0,0,0,0,0,0,0
326,0,0,0,1,1,0,0,10070,5,2015,1,31,2013,0,1,0,0,0,0,0,0,0,0,0,0
327,0,0,1,0,0,0,1,1390,12,2004,0,,,0,0,0,0,0,0,0,0,0,0,0,0
328,1,0,0,0,1,0,0,3130,7,2002,0,,,0,0,0,0,0,0,0,0,0,0,0,0
329,1,0,0,0,1,0,0,1310,6,1990,1,22,2012,0,0,1,0,0,0,0,0,0,0,0,0
330,1,0,0,0,0,0,1,370,,,1,22,2012,0,0,1,0,0,0,0,0,0,0,0,0
331,1,0,0,0,0,0,1,670,,,1,14,2015,1,0,0,0,0,0,0,0,0,0,0,0
332,1,0,0,0,1,0,0,1840,3,2006,0,,,0,0,0,0,0,0,0,0,0,0,0,0
333,1,0,0,0,0,0,1,3720,2,2010,0,,,0,0,0,0,0,0,0,0,0,0,0,0
334,0,0,0,1,0,0,1,4040,8,2008,1,18,2013,0,0,1,0,0,0,0,0,0,0,0,0
335,0,1,0,0,1,0,0,90,,,1,31,2013,1,0,0,0,0,0,0,0,0,0,0,0
336,1,0,0,0,1,0,0,190,7,2014,0,,,0,0,0,0,0,0,0,0,0,0,0,0
337,0,0,0,1,0,0,1,10600,7,2005,1,45,2014,0,1,0,0,0,0,0,0,0,0,0,0
338,1,0,0,0,0,0,1,1590,,,1,37,2009,1,0,0,0,0,0,0,0,0,0,0,0
339,1,0,0,0,0,0,1,2280,,,1,10,2013,0,0,1,0,0,0,0,0,0,0,0,0
340,1,0,0,0,0,0,1,8080,,,0,,,0,0,0,0,0,0,0,0,0,0,0,0
341,1,0,0,0,1,0,0,190,9,2011,0,,,0,0,0,0,0,0,0,0,0,0,0,0
342,0,0,0,1,0,0,1,15770,,,1,40,2014,1,0,0,0,0,0,0,0,0,0,0,0
343,0,0,0,1,1,0,0,18650,4,2004,1,14,2014,1,0,0,0,0,0,0,0,0,0,0,0
344,1,0,0,0,0,0,1,300,4,2011,1,14,2011,1,0,0,0,0,0,0,0,0,0,0,0
345,1,0,0,0,1,0,0,120,,,1,22,2012,1,0,0,0,0,0,0,0,0,0,0,0
346,1,0,0,0,0,0,1,8090,,,0,,,0,0,0,0,0,0,0,0,0,0,0,0
347,0,0,0,1,0,0,1,9360,7,2013,1,22,2012,0,0,1,0,0,0,0,0,0,0,0,0
348,1,0,0,0,1,0,0,16490,,,1,22,2012,1,0,0,0,0,0,0,0,0,0,0,0
349,0,0,1,0,0,0,1,1490,4,2009,0,,,0,0,0,0,0,0,0,0,0,0,0,0
350,0,0,0,1,1,0,0,8880,,,1,14,2011,1,0,0,0,0,0,0,0,0,0,0,0
351,1,0,0,0,1,0,0,5290,11,2012,1,5,2013,0,1,0,0,0,0,0,0,0,0,0,0
352,0,0,0,1,0,0,1,6360,,,1,40,2012,0,0,1,0,0,0,0,0,0,0,0,0
353,0,1,0,0,0,1,0,900,,,1,14,2013,0,1,0,0,0,0,0,0,0,0,0,0
354,0,0,0,1,0,0,1,1500,10,2005,0,,,0,0,0,0,0,0,0,0,0,0,0,0
355,1,0,0,0,0,0,1,9720,8,2013,0,,,0,0,0,0,0,0,0,0,0,0,0,0
356,0,0,0,1,0,0,1,8970,12,2007,1,22,2012,0,1,0,0,0,0,0,0,0,0,0,0
357,1,0,0,0,1,0,0,2060,10,2008,0,,,0,0,0,0,0,0,0,0,0,0,0,0
358,1,0,0,0,1,0,0,2890,10,2003,0,,,0,0,0,0,0,0,0,0,0,0,0,0
359,0,0,0,1,0,0,1,4370,,,0,,,0,0,0,0,0,0,0,0,0,0,0,0
360,1,0,0,0,1,0,0,2040,6,2007,0,,,0,0,0,0,0,0,0,0,0,0,0,0
361,0,0,1,0,0,0,1,4490,5,2014,1,5,2013,0,1,0,0,0,0,0,0,0,0,0,0
362,0,0,1,0,0,0,1,340,,,0,,,0,0,0,0,0,0,0,0,0,0,0,0
363,1,0,0,0,1,0,0,250,9,2009,0,,,0,0,0,0,0,0,0,0,0,0,0,0
364,1,0,0,0,0,0,1,13620,,,1,10,2014,0,0,1,0,0,0,0,0,0,0,0,0
365,0,0,1,0,1,0,0,2410,,,1,45,2009,0,1,0,0,0,0,0,0,0,0,0,0
366,0,0,0,1,0,0,1,6470,12,2004,0,,,0,0,0,0,0,0,0,0,0,0,0,0
367,0,0,0,1,0,0,1,2640,9,2012,0,,,0,0,0,0,0,0,0,0,0,0,0,0
368,0,0,0,1,0,0,1,1450,4,2005,1,45,2009,0,1,0,0,0,0,0,0,0,0,0,0
369,0,0,0,1,0,0,1,5870,4,2014,0,,,0,0,0,0,0,0,0,0,0,0,0,0
370,0,0,0,1,1,0,0,8250,10,2000,1,31,2009,1,0,0,0,0,0,0,0,0,0,0,0
371,0,0,0,1,0,0,1,1970,7,2009,1,45,2014,0,1,0,0,0,0,0,0,0,0,0,0
372,0,0,0,1,0,0,1,4880,8,2010,1,18,2014,1,0,0,0,0,0,0,0,0,0,0,0
373,0,0,0,1,0,0,1,11120,,,1,22,2012,1,0,0,0,0,0,0,0,0,0,0,0
374,1,0,0,0,1,0,0,1150,9,2007,0,,,0,0,0,0,0,0,0,0,0,0,0,0
375,1,0,0,0,0,0,1,15710,2,2013,1,37,2009,1,0,0,0,0,0,0,0,0,0,0,0
376,1,0,0,0,1,0,0,160,8,2012,0,,,0,0,0,0,0,0,0,0,0,0,0,0
377,1,0,0,0,0,0,1,100,6,2010,1,18,2010,0,1,0,0,0,0,0,0,0,0,0,0
378,1,0,0,0,0,0,1,2140,8,2012,0,,,0,0,0,0,0,0,0,0,0,0,0,0
379,0,0,0,1,1,0,0,6630,,,0,,,0,0,0,0,0,0,0,0,0,0,0,0
380,1,0,0,0,1,0,0,2240,5,2013,1,10,2014,0,0,1,0,0,0,0,0,0,0,0,0
381,1,0,0,0,1,0,0,1800,11,2006,1,5,2013,0,1,0,0,0,0,0,0,0,0,0,0
382,0,0,1,0,0,0,1,26130,11,2002,0,,,0,0,0,0,0,0,0,0,0,0,0,0
383,1,0,0,0,0,0,1,350,,,0,,,0,0,0,0,0,0,0,0,0,0,0,0
384,1,0,0,0,0,0,1,130,,,1,14,2011,1,0,0,0,0,0,0,0,0,0,0,0
385,0,0,0,1,1,0,0,4580,9,2007,0,,,0,0,0,0,0,0,0,0,0,0,0,0
386,0,0,0,1,0,0,1,1460,4,2014,1,31,2013,1,0,0,0,0,0,0,0,0,0,0,0
387,0,0,1,0,1,0,0,210,,,1,36,2013,0,0,1,0,0,0,0,0,0,0,0,0
388,1,0,0,0,1,0,0,2260,,,0,,,0,0,0,0,0,0,0,0,0,0,0,0
389,1,0,0,0,0,0,1,6690,8,2011,0,,,0,0,0,0,0,0,0,0,0,0,0,0
390,1,0,0,0,0,0,1,1600,4,2009,0,,,0,0,0,0,0,0,0,0,0,0,0,0
391,1,0,0,0,1,0,0,460,11,2014,1,31,2013,0,1,0,0,0,0,0,0,0,0,0,0
392,1,0,0,0,1,0,0,2120,,,0,,,0,0,0,0,0,0,0,0,0,0,0,0
393,0,0,0,1,0,0,1,4820,3,2008,0,,,0,0,0,0,0,0,0,0,0,0,0,0
394,0,0,0,1,1,0,0,10850,,,0,,,0,0,0,0,0,0,0,0,0,0,0,0
395,1,0,0,0,1,0,0,3620,2,2013,0,,,0,0,0,0,0,0,0,0,0,0,0,0
396,1,0,0,0,0,0,1,23130,,,0,,,0,0,0,0,0,0,0,0,0,0,0,0
397,1,0,0,0,0,0,1,130,,,1,27,2013,0,1,0,0,0,0,0,0,0,0,0,0
398,0,0,1,0,0,0,1,1540,,,1,1,2012,1,0,0,0,0,0,0,0,0,0,0,0
399,1,0,0,0,1,0,0,5360,9,2012,1,40,2011,1,0,0,0,0,0,0,0,0,0,0,0
400,1,0,0,0,1,0,0,70,11,2004,1,14,2011,1,0,0,0,0,0,0,0,0,0,0,0
401,1,0,0,0,0,0,1,9200,10,2009,1,14,2012,1,0,0,0,0,0,0,0,0,0,0,0
402,0,0,1,0,0,0,1,5830,9,2011,1,13,2010,1,0,0,0,0,0,0,0,0,0,0,0
403,1,0,0,0,1,0,0,4970,7,2015,0,,,0,0,0,0,0,0,0,0,0,0,0,0
404,1,0,0,0,0,0,1,1420,,,1,10,2013,0,0,1,0,0,0,0,0,0,0,0,0
405,1,0,0,0,1,0,0,1080,4,2008,1,14,2011,1,0,0,0,0,0,0,0,0,0,0,0
406,0,0,0,1,0,0,1,8240,3,2001,1,10,2013,0,1,0,0,0,0,0,0,0,0,0,0
407,1,0,0,0,1,0,0,5890,10,2003,1,14,2011,0,1,0,0,0,0,0,0,0,0,0,0
408,0,0,1,0,1,0,0,1560,,,1,45,2009,0,1,0,0,0,0,0,0,0,0,0,0
409,0,0,0,1,0,0,1,840,,,1,1,2013,1,0,0,0,0,0,0,0,0,0,0,0
410,0,0,1,0,1,0,0,40,11,2011,1,22,2012,0,0,1,0,0,0,0,0,0,0,0,0
411,0,0,0,1,0,0,1,8460,,,0,,,0,0,0,0,0,0,0,0,0,0,0,0
412,0,0,0,1,0,0,1,4460,,,1,39,2010,1,0,0,0,0,0,0,0,0,0,0,0
413,1,0,0,0,0,0,1,760,9,2014,0,,,0,0,0,0,0,0,0,0,0,0,0,0
414,0,0,0,1,0,0,1,6210,,,1,1,2013,1,0,0,0,0,0,0,0,0,0,0,0
415,0,0,0,1,0,0,1,6910,4,2005,0,,,0,0,0,0,0,0,0,0,0,0,0,0
416,1,0,0,0,0,0,1,4650,6,2014,0,,,0,0,0,0,0,0,0,0,0,0,0,0
417,1,0,0,0,0,0,1,840,,,1,10,2014,1,0,0,0,0,0,0,0,0,0,0,0
418,1,0,0,0,1,0,0,1060,5,2009,1,27,2011,0,1,0,0,0,0,0,0,0,0,0,0
419,0,0,1,0,1,0,0,1620,9,2009,0,,,0,0,0,0,0,0,0,0,0,0,0,0
420,0,0,0,1,0,0,1,250,,,1,27,2012,1,0,0,0,0,0,0,0,0,0,0,0
421,0,0,1,0,0,0,1,3530,6,2012,1,35,2012,0,0,1,0,0,0,0,0,0,0,0,0
422,1,0,0,0,0,0,1,2880,,,0,,,0,0,0,0,0,0,0,0,0,0,0,0
423,0,1,0,0,1,0,0,1270,5,2014,0,,,0,0,0,0,0,0,0,0,0,0,0,0
424,0,0,0,1,0,0,1,1250,,,1,40,2011,1,0,0,0,0,0,0,0,0,0,0,0
425,0,0,0,1,0,0,1,1460,,,0,,,0,0,0,0,0,0,0,0,0,0,0,0
426,1,0,0,0,1,0,0,250,,,0,,,0,0,0,0,0,0,0,0,0,0,0,0
427,1,0,0,0,0,0,1,70,7,2005,1,13,2010,1,0,0,0,0,0,0,0,0,0,0,0
428,0,0,0,1,1,0,0,2960,12,2014,1,23,2015,0,0,1,0,0,0,0,0,0,0,0,0
429,0,0,0,1,0,0,1,16350,7,2005,1,31,2013,1,0,0,0,0,0,0,0,0,0,0,0
430,0,0,0,1,0,0,1,12870,10,2008,0,,,0,0,0,0,0,0,0,0,0,0,0,0
431,0,0,0,1,0,0,1,4520,,,0,,,0,0,0,0,0,0,0,0,0,0,0,0
432,1,0,0,0,1,0,0,810,5,2013,0,,,0,0,0,0,0,0,0,0,0,0,0,0
433,1,0,0,0,0,0,1,30030,11,2010,0,,,0,0,0,0,0,0,0,0,0,0,0,0
434,1,0,0,0,1,0,0,13020,8,2003,1,40,2014,1,0,0,0,0,0,0,0,0,0,0,0
435,1,0,0,0,1,0,0,910,,,0,,,0,0,0,0,0,0,0,0,0,0,0,0
436,0,0,0,1,1,0,0,2300,,,0,,,0,0,0,0,0,0,0,0,0,0,0,0
437,0,0,1,0,0,0,1,430,,,1,50,2010,1,0,0,0,0,0,0,0,0,0,0,0
438,0,0,0,1,0,0,1,1110,,,1,40,2012,1,0,0,0,0,0,0,0,0,0,0,0
439,1,0,0,0,1,0,0,1350,9,2009,0,,,0,0,0,0,0,0,0,0,0,0,0,0
440,0,0,0,1,1,0,0,3900,4,2005,1,45,2009,0,1,0,0,0,0,0,0,0,0,0,0
441,0,0,0,1,1,0,0,2530,,,0,,,0,0,0,0,0,0,0,0,0,0,0,0
442,0,0,1,0,1,0,0,500,,,1,45,2009,0,1,0,0,0,0,0,0,0,0,0,0
443,0,0,0,1,1,0,0,11400,12,2005,0,,,0,0,0,0,0,0,0,0,0,0,0,0
444,0,0,1,0,1,0,0,1700,11,2009,0,,,0,0,0,0,0,0,0,0,0,0,0,0
445,1,0,0,0,1,0,0,240,,,0,,,0,0,0,0,0,0,0,0,0,0,0,0
446,1,0,0,0,1,0,0,340,10,2000,1,31,2013,0,1,0,0,0,0,0,0,0,0,0,0
447,1,0,0,0,0,0,1,1510,9,2013,0,,,0,0,0,0,0,0,0,0,0,0,0,0
448,1,0,0,0,0,0,1,3970,9,2009,0,,,0,0,0,0,0,0,0,0,0,0,0,0
449,1,0,0,0,0,0,1,120,12,2014,1,37,2009,1,0,0,0,0,0,0,0,0,0,0,0
450,0,0,1,0,1,0,0,5780,11,1994,1,10,2014,0,0,1,0,0,0,0,0,0,0,0,0
451,1,0,0,0,1,0,0,2460,4,2009,1,13,2010,1,0,0,0,0,0,0,0,0,0,0,0
452,1,0,0,0,0,0,1,1850,8,2013,1,5,2011,0,1,0,0,0,0,0,0,0,0,0,0
453,1,0,0,0,0,0,1,75860,,,0,,,0,0,0,0,0,0,0,0,0,0,0,0
454,1,0,0,0,1,0,0,26450,,,0,,,0,0,0,0,0,0,0,0,0,0,0,0
455,0,0,0,1,0,0,1,7660,9,2010,0,,,0,0,0,0,0,0,0,0,0,0,0,0
456,1,0,0,0,0,0,1,140,,,0,,,0,0,0,0,0,0,0,0,0,0,0,0
457,0,0,0,1,0,0,1,13140,,,1,31,2013,1,0,0,0,0,0,0,0,0,0,0,0
458,0,0,1,0,1,0,0,3390,,,0,,,0,0,0,0,0,0,0,0,0,0,0,0
459,1,0,0,0,1,0,0,250,9,2008,1,5,2013,0,1,0,0,0,0,0,0,0,0,0,0
460,1,0,0,0,1,0,0,34050,4,2008,0,,,0,0,0,0,0,0,0,0,0,0,0,0
461,0,0,0,1,0,0,1,1790,7,2013,1,40,2013,1,0,0,0,0,0,0,0,0,0,0,0
462,1,0,0,0,1,0,0,44320,8,2008,0,,,0,0,0,0,0,0,0,0,0,0,0,0
463,1,0,0,0,1,0,0,4160,,,0,,,0,0,0,0,0,0,0,0,0,0,0,0
464,0,0,1,0,1,0,0,520,3,2009,0,,,0,0,0,0,0,0,0,0,0,0,0,0
465,0,0,0,1,0,0,1,10890,4,2005,0,,,0,0,0,0,0,0,0,0,0,0,0,0
466,1,0,0,0,0,0,1,3110,3,2003,0,,,0,0,0,0,0,0,0,0,0,0,0,0
467,1,0,0,0,0,0,1,20390,4,2008,0,,,0,0,0,0,0,0,0,0,0,0,0,0
468,0,0,1,0,0,0,1,5260,9,2012,0,,,0,0,0,0,0,0,0,0,0,0,0,0
469,0,0,1,0,0,0,1,710,9,2005,0,,,0,0,0,0,0,0,0,0,0,0,0,0
470,1,0,0,0,0,0,1,50,,,0,,,0,0,0,0,0,0,0,0,0,0,0,0
471,0,0,0,1,1,0,0,5300,,,1,45,2009,0,1,0,0,0,0,0,0,0,0,0,0
472,0,0,1,0,0,0,1,5030,8,2011,0,,,0,0,0,0,0,0,0,0,0,0,0,0
473,1,0,0,0,1,0,0,50,,,0,,,0,0,0,0,0,0,0,0,0,0,0,0
474,0,0,1,0,1,0,0,14810,,,1,14,2011,0,0,1,0,0,0,0,0,0,0,0,0
475,1,0,0,0,1,0,0,140,9,2005,0,,,0,0,0,0,0,0,0,0,0,0,0,0
476,0,0,0,1,1,0,0,8300,9,2006,0,,,0,0,0,0,0,0,0,0,0,0,0,0
477,0,0,0,1,1,0,0,770,7,2010,1,35,2010,1,0,0,0,0,0,0,0,0,0,0,0
478,0,0,0,1,0,0,1,1940,3,2012,0,,,0,0,0,0,0,0,0,0,0,0,0,0
479,1,0,0,0,1,0,0,320,12,2005,1,9,2011,0,1,0,0,0,0,0,0,0,0,0,0
480,1,0,0,0,1,0,0,300,11,2012,0,,,0,0,0,0,0,0,0,0,0,0,0,0
481,0,0,1,0,0,0,1,7470,,,1,44,2012,0,1,0,0,0,0,0,0,0,0,0,0
482,0,0,1,0,1,0,0,2550,10,2005,0,,,0,0,0,0,0,0,0,0,0,0,0,0
483,1,0,0,0,0,0,1,2310,9,2011,1,13,2010,1,0,0,0,0,0,0,0,0,0,0,0
484,1,0,0,0,0,0,1,14300,3,2011,0,,,0,0,0,0,0,0,0,0,0,0,0,0
485,0,0,0,1,0,0,1,3270,,,1,22,2012,1,0,0,0,0,0,0,0,0,0,0,0
486,1,0,0,0,1,0,0,2320,,,1,31,2013,1,0,0,0,0,0,0,0,0,0,0,0
487,0,0,0,1,0,0,1,2180,9,2012,1,40,2012,1,0,0,0,0,0,0,0,0,0,0,0
488,1,0,0,0,0,0,1,2890,4,2014,0,,,0,0,0,0,0,0,0,0,0,0,0,0
489,1,0,0,0,1,0,0,14960,11,2013,1,37,2009,1,0,0,0,0,0,0,0,0,0,0,0
490,1,0,0,0,1,0,0,660,4,2013,1,40,2014,1,0,0,0,0,0,0,0,0,0,0,0
491,0,0,0,1,0,0,1,4680,,,1,22,2012,0,0,1,0,0,0,0,0,0,0,0,0
492,1,0,0,0,1,0,0,1740,3,2008,1,40,2012,1,0,0,0,0,0,0,0,0,0,0,0
493,0,0,0,1,0,0,1,1150,,,1,14,2011,1,0,0,0,0,0,0,0,0,0,0,0
494,0,1,0,0,1,0,0,1260,6,2011,0,,,0,0,0,0,0,0,0,0,0,0,0,0
495,0,0,0,1,1,0,0,5470,,,1,37,2009,1,0,0,0,0,0,0,0,0,0,0,0
496,0,0,0,1,0,0,1,2780,6,2015,0,,,0,0,0,0,0,0,0,0,0,0,0,0
497,1,0,0,0,0,0,1,1610,,,0,,,0,0,0,0,0,0,0,0,0,0,0,0
498,1,0,0,0,1,0,0,990,,,1,40,2014,1,0,0,0,0,0,0,0,0,0,0,0
499,0,0,1,0,0,0,1,450,,,1,5,2013,0,1,0,0,0,0,0,0,0,0,0,0
500,0,0,0,1,0,0,1,10690,9,2007,1,5,2013,1,0,0,0,0,0,0,0,0,0,0,0
501,1,0,0,0,0,0,1,1620,9,2006,0,,,0,0,0,0,0,0,0,0,0,0,0,0
502,1,0,0,0,1,0,0,220,2,2002,1,37,2009,1,0,0,0,0,0,0,0,0,0,0,0
503,0,0,0,1,0,0,1,13080,9,2006,1,14,2011,1,0,0,0,0,0,0,0,0,0,0,0
504,0,0,1,0,0,0,1,820,,,0,,,0,0,0,0,0,0,0,0,0,0,0,0
505,1,0,0,0,1,0,0,350,,,1,5,2013,0,1,0,0,0,0,0,0,0,0,0,0
506,1,0,0,0,1,0,0,1850,12,2014,1,18,2011,0,1,0,0,0,0,0,0,0,0,0,0
507,1,0,0,0,0,0,1,9070,4,2011,1,37,2009,1,0,0,0,0,0,0,0,0,0,0,0
508,1,0,0,0,0,0,1,1280,,,1,40,2011,1,0,0,0,0,0,0,0,0,0,0,0
509,1,0,0,0,1,0,0,4740,7,2008,1,37,2009,1,0,0,0,0,0,0,0,0,0,0,0
510,1,0,0,0,0,0,1,8260,,,0,,,0,0,0,0,0,0,0,0,0,0,0,0
511,1,0,0,0,1,0,0,2060,9,2009,0,,,0,0,0,0,0,0,0,0,0,0,0,0
512,0,1,0,0,0,1,0,590,,,1,5,2013,0,0,1,0,0,0,0,0,0,0,0,0
513,1,0,0,0,1,0,0,400,8,2013,0,,,0,0,0,0,0,0,0,0,0,0,0,0
514,0,0,1,0,0,0,1,1200,7,2012,1,27,2012,1,0,0,0,0,0,0,0,0,0,0,0
515,0,0,0,1,0,0,1,11260,,,1,9,2011,0,1,0,0,0,0,0,0,0,0,0,0
516,1,0,0,0,0,0,1,20,,,1,35,2010,0,0,1,0,0,0,0,0,0,0,0,0
517,1,0,0,0,0,0,1,22490,,,0,,,0,0,0,0,0,0,0,0,0,0,0,0
518,0,0,0,1,0,0,1,3330,3,2015,1,13,2010,1,0,0,0,0,0,0,0,0,0,0,0
519,0,0,1,0,0,0,1,2510,8,2009,1,1,2012,1,0,0,0,0,0,0,0,0,0,0,0
520,1,0,0,0,0,0,1,6900,,,1,40,2012,0,0,1,0,0,0,0,0,0,0,0,0
521,0,0,0,1,1,0,0,18610,11,2002,1,48,2011,0,0,1,0,0,0,0,0,0,0,0,0
522,0,0,0,1,0,0,1,7160,11,2012,1,9,2011,1,0,0,0,0,0,0,0,0,0,0,0
523,0,0,1,0,0,0,1,50,11,2013,0,,,0,0,0,0,0,0,0,0,0,0,0,0
524,1,0,0,0,0,0,1,40860,9,2013,0,,,0,0,0,0,0,0,0,0,0,0,0,0
525,0,0,0,1,0,0,1,1870,9,2013,0,,,0,0,0,0,0,0,0,0,0,0,0,0
526,1,0,0,0,1,0,0,120,,,1,48,2011,0,0,1,0,0,0,0,0,0,0,0,0
527,0,0,0,1,0,0,1,5830,4,2008,0,,,0,0,0,0,0,0,0,0,0,0,0,0
528,1,0,0,0,0,0,1,20620,,,1,37,2009,1,0,0,0,0,0,0,0,0,0,0,0
529,0,0,0,1,0,0,1,12920,9,2012,0,,,0,0,0,0,0,0,0,0,0,0,0,0
530,1,0,0,0,0,0,1,18160,,,0,,,0,0,0,0,0,0,0,0,0,0,0,0
531,1,0,0,0,0,0,1,4030,,,0,,,0,0,0,0,0,0,0,0,0,0,0,0
532,1,0,0,0,0,0,1,1070,8,2010,0,,,0,0,0,0,0,0,0,0,0,0,0,0
533,1,0,0,0,0,0,1,5950,,,0,,,0,0,0,0,0,0,0,0,0,0,0,0
534,0,0,0,1,1,0,0,1200,9,2009,1,45,2009,1,0,0,0,0,0,0,0,0,0,0,0
535,1,0,0,0,1,0,0,3570,4,2007,0,,,0,0,0,0,0,0,0,0,0,0,0,0
536,1,0,0,0,0,0,1,4700,9,2002,1,31,2013,0,1,0,0,0,0,0,0,0,0,0,0
537,1,0,0,0,1,0,0,600,5,2002,1,1,2012,1,0,0,0,0,0,0,0,0,0,0,0
538,1,0,0,0,1,0,0,990,2,2010,0,,,0,0,0,0,0,0,0,0,0,0,0,0
539,1,0,0,0,1,0,0,770,5,2013,1,40,2014,1,0,0,0,0,0,0,0,0,0,0,0
540,0,0,0,1,0,0,1,810,,,1,48,2012,1,0,0,0,0,0,0,0,0,0,0,0
541,1,0,0,0,0,0,1,650,7,1990,0,,,0,0,0,0,0,0,0,0,0,0,0,0
542,1,0,0,0,1,0,0,7280,9,2012,1,1,2013,1,0,0,0,0,0,0,0,0,0,0,0
543,0,0,1,0,1,0,0,1080,12,2012,0,,,0,0,0,0,0,0,0,0,0,0,0,0
544,1,0,0,0,1,0,0,250,12,2001,1,13,2010,1,0,0,0,0,0,0,0,0,0,0,0
545,1,0,0,0,0,0,1,5020,5,2006,1,18,2014,0,1,0,0,0,0,0,0,0,0,0,0
546,1,0,0,0,1,0,0,580,1,2005,0,,,0,0,0,0,0,0,0,0,0,0,0,0
547,0,0,0,1,0,0,1,8990,11,2009,1,35,2010,0,0,1,0,0,0,0,0,0,0,0,0
548,0,0,0,1,0,0,1,3760,2,2009,0,,,0,0,0,0,0,0,0,0,0,0,0,0
549,1,0,0,0,0,0,1,2330,,,0,,,0,0,0,0,0,0,0,0,0,0,0,0
550,0,0,0,1,0,0,1,50,6,2015,0,,,0,0,0,0,0,0,0,0,0,0,0,0
551,1,0,0,0,0,0,1,2190,9,2013,0,,,0,0,0,0,0,0,0,0,0,0,0,0
552,1,0,0,0,1,0,0,4260,7,2008,1,37,2009,1,0,0,0,0,0,0,0,0,0,0,0
553,0,0,1,0,1,0,0,3040,9,2002,1,13,2010,1,0,0,0,0,0,0,0,0,0,0,0
554,0,0,1,0,0,0,1,1200,,,0,,,0,0,0,0,0,0,0,0,0,0,0,0
555,0,0,0,1,1,0,0,1560,1,2014,1,10,2013,0,0,1,0,0,0,0,0,0,0,0,0
556,0,0,0,1,0,0,1,1140,11,2014,0,,,0,0,0,0,0,0,0,0,0,0,0,0
557,1,0,0,0,1,0,0,250,,,0,,,0,0,0,0,0,0,0,0,0,0,0,0
558,1,0,0,0,1,0,0,3000,2,2010,0,,,0,0,0,0,0,0,0,0,0,0,0,0
559,0,0,0,1,1,0,0,3910,11,2006,1,5,2013,0,1,0,0,0,0,0,0,0,0,0,0
560,0,0,1,0,0,0,1,1910,7,2013,0,,,0,0,0,0,0,0,0,0,0,0,0,0
561,0,0,0,1,1,0,0,14300,,,0,,,0,0,0,0,0,0,0,0,0,0,0,0
562,0,1,0,0,0,0,1,1210,,,0,,,0,0,0,0,0,0,0,0,0,0,0,0
563,1,0,0,0,1,0,0,700,3,2015,1,10,2014,1,0,0,0,0,0,0,0,0,0,0,0
564,0,0,0,1,0,0,1,6540,,,1,14,2013,1,0,0,0,0,0,0,0,0,0,0,0
565,1,0,0,0,0,0,1,160,7,2007,0,,,0,0,0,0,0,0,0,0,0,0,0,0
566,1,0,0,0,1,0,0,3620,,,1,40,2013,1,0,0,0,0,0,0,0,0,0,0,0
567,0,0,1,0,1,0,0,1010,9,2012,1,18,2011,0,1,0,0,0,0,0,0,0,0,0,0
568,0,0,0,1,0,0,1,4270,,,1,1,2013,1,0,0,0,0,0,0,0,0,0,0,0
569,1,0,0,0,1,0,0,1340,9,2006,0,,,0,0,0,0,0,0,0,0,0,0,0,0
570,1,0,0,0,1,0,0,180,11,2006,0,,,0,0,0,0,0,0,0,0,0,0,0,0
571,0,0,0,1,1,0,0,2110,11,1995,1,40,2014,1,0,0,0,0,0,0,0,0,0,0,0
572,0,0,0,1,0,0,1,9230,4,2004,1,37,2009,1,0,0,0,0,0,0,0,0,0,0,0
573,1,0,0,0,1,0,0,1190,11,2012,1,36,2013,1,0,0,0,0,0,0,0,0,0,0,0
574,0,0,0,1,1,0,0,4400,,,0,,,0,0,0,0,0,0,0,0,0,0,0,0
575,1,0,0,0,1,0,0,960,5,2008,1,13,2010,1,0,0,0,0,0,0,0,0,0,0,0
576,0,0,1,0,1,0,0,50,11,2006,0,,,0,0,0,0,0,0,0,0,0,0,0,0
577,1,0,0,0,0,0,1,2270,,,1,35,2012,0,0,1,0,0,0,0,0,0,0,0,0
578,0,0,0,1,1,0,0,12700,4,2013,0,,,0,0,0,0,0,0,0,0,0,0,0,0
579,0,0,1,0,1,0,0,20970,11,2012,0,,,0,0,0,0,0,0,0,0,0,0,0,0
580,1,0,0,0,0,0,1,170,2,2009,0,,,0,0,0,0,0,0,0,0,0,0,0,0
581,1,0,0,0,1,0,0,7250,12,2013,0,,,0,0,0,0,0,0,0,0,0,0,0,0
582,1,0,0,0,1,0,0,120,,,0,,,0,0,0,0,0,0,0,0,0,0,0,0
583,1,0,0,0,1,0,0,2640,11,2002,0,,,0,0,0,0,0,0,0,0,0,0,0,0
584,0,0,0,1,1,0,0,1360,,,1,35,2010,0,0,1,0,0,0,0,0,0,0,0,0
585,0,0,0,1,0,0,1,440,4,2014,0,,,0,0,0,0,0,0,0,0,0,0,0,0
586,1,0,0,0,0,0,1,250,10,2008,0,,,0,0,0,0,0,0,0,0,0,0,0,0
587,0,0,0,1,0,0,1,330,9,2006,1,14,2011,1,0,0,0,0,0,0,0,0,0,0,0
588,0,0,0,1,0,0,1,15720,3,2010,0,,,0,0,0,0,0,0,0,0,0,0,0,0
589,1,0,0,0,0,0,1,360,,,1,18,2013,0,1,0,0,0,0,0,0,0,0,0,0
590,0,0,0,1,0,0,1,4520,9,2010,1,31,2013,1,0,0,0,0,0,0,0,0,0,0,0
591,1,0,0,0,0,0,1,3340,,,1,22,2012,0,0,1,0,0,0,0,0,0,0,0,0
592,1,0,0,0,1,0,0,2540,6,2005,0,,,0,0,0,0,0,0,0,0,0,0,0,0
593,1,0,0,0,0,0,1,33060,3,2010,0,,,0,0,0,0,0,0,0,0,0,0,0,0
594,1,0,0,0,1,0,0,1790,10,2011,0,,,0,0,0,0,0,0,0,0,0,0,0,0
595,0,0,1,0,0,0,1,1130,6,2015,0,,,0,0,0,0,0,0,0,0,0,0,0,0
596,0,0,1,0,1,0,0,290,9,2006,0,,,0,0,0,0,0,0,0,0,0,0,0,0
597,1,0,0,0,1,0,0,150,9,2008,1,1,2012,0,0,1,0,0,0,0,0,0,0,0,0
598,0,0,1,0,1,0,0,550,12,2013,1,40,2014,1,0,0,0,0,0,0,0,0,0,0,0
599,0,0,0,1,0,0,1,580,11,2014,0,,,0,0,0,0,0,0,0,0,0,0,0,0
600,0,0,0,1,0,0,1,17340,6,2010,1,9,2011,0,1,0,0,0,0,0,0,0,0,0,0
601,0,0,0,1,1,0,0,8220,4,2014,1,14,2011,1,0,0,0,0,0,0,0,0,0,0,0
602,1,0,0,0,1,0,0,2710,7,2001,1,22,2012,0,0,1,0,0,0,0,0,0,0,0,0
603,1,0,0,0,1,0,0,340,4,2007,1,13,2010,1,0,0,0,0,0,0,0,0,0,0,0
604,0,0,0,1,1,0,0,10950,3,2014,0,,,0,0,0,0,0,0,0,0,0,0,0,0
605,0,0,0,1,1,0,0,10310,4,2003,1,37,2009,1,0,0,0,0,0,0,0,0,0,0,0
606,1,0,0,0,1,0,0,2260,11,2007,0,,,0,0,0,0,0,0,0,0,0,0,0,0
607,1,0,0,0,1,0,0,350,8,1999,1,14,2011,1,0,0,0,0,0,0,0,0,0,0,0
608,1,0,0,0,0,0,1,18370,2,2013,1,14,2011,1,0,0,0,0,0,0,0,0,0,0,0
609,1,0,0,0,1,0,0,2070,9,2007,0,,,0,0,0,0,0,0,0,0,0,0,0,0
610,1,0,0,0,1,0,0,660,1,2007,0,,,0,0,0,0,0,0,0,0,0,0,0,0
611,1,0,0,0,1,0,0,8080,12,2002,1,40,2014,1,0,0,0,0,0,0,0,0,0,0,0
612,0,0,0,1,0,0,1,2490,11,2012,1,31,2009,1,0,0,0,0,0,0,0,0,0,0,0
613,0,0,1,0,1,0,0,250,6,2007,1,14,2011,1,0,0,0,0,0,0,0,0,0,0,0
614,1,0,0,0,1,0,0,1160,12,2012,0,,,0,0,0,0,0,0,0,0,0,0,0,0
615,0,0,0,1,1,0,0,730,8,2007,0,,,0,0,0,0,0,0,0,0,0,0,0,0
616,1,0,0,0,0,0,1,3040,8,2011,1,35,2010,0,0,1,0,0,0,0,0,0,0,0,0
617,1,0,0,0,0,0,1,8940,,,1,9,2011,1,0,0,0,0,0,0,0,0,0,0,0
618,0,0,0,1,0,0,1,9910,,,0,,,0,0,0,0,0,0,0,0,0,0,0,0
619,1,0,0,0,1,0,0,1600,6,2006,1,45,2009,0,1,0,0,0,0,0,0,0,0,0,0
620,0,0,0,1,0,0,1,5440,,,1,40,2014,1,0,0,0,0,0,0,0,0,0,0,0
621,1,0,0,0,1,0,0,30,7,2002,0,,,0,0,0,0,0,0,0,0,0,0,0,0
622,1,0,0,0,0,0,1,,,,0,,,0,0,0,0,0,0,0,0,0,0,0,0
623,1,0,0,0,1,0,0,4080,3,2011,1,13,2010,1,0,0,0,0,0,0,0,0,0,0,0
624,1,0,0,0,0,0,1,6920,9,2011,0,,,0,0,0,0,0,0,0,0,0,0,0,0
625,1,0,0,0,1,0,0,1170,4,2011,1,22,2012,0,1,0,0,0,0,0,0,0,0,0,0
626,0,0,1,0,0,0,1,10740,11,2013,0,,,0,0,0,0,0,0,0,0,0,0,0,0
627,0,0,1,0,0,0,1,3970,3,2010,0,,,0,0,0,0,0,0,0,0,0,0,0,0
628,1,0,0,0,0,0,1,2180,,,0,,,0,0,0,0,0,0,0,0,0,0,0,0
629,0,0,0,1,1,0,0,510,7,2014,1,23,2015,0,0,1,0,0,0,0,0,0,0,0,0
630,1,0,0,0,1,0,0,1690,4,2015,0,,,0,0,0,0,0,0,0,0,0,0,0,0
631,0,0,0,1,0,0,1,2870,,,1,35,2012,0,0,1,0,0,0,0,0,0,0,0,0
632,1,0,0,0,1,0,0,3350,2,2010,0,,,0,0,0,0,0,0,0,0,0,0,0,0
633,0,0,0,1,1,0,0,11640,4,2005,1,22,2011,1,0,0,0,0,0,0,0,0,0,0,0
634,0,0,0,1,1,0,0,18610,,,0,,,0,0,0,0,0,0,0,0,0,0,0,0
635,1,0,0,0,1,0,0,27530,4,2014,0,,,0,0,0,0,0,0,0,0,0,0,0,0
636,0,0,1,0,1,0,0,720,10,2004,1,13,2010,1,0,0,0,0,0,0,0,0,0,0,0
637,0,0,0,1,0,0,1,9790,,,1,31,2009,0,1,0,0,0,0,0,0,0,0,0,0
638,0,0,0,1,1,0,0,10170,11,2001,0,,,0,0,0,0,0,0,0,0,0,0,0,0
639,1,0,0,0,1,0,0,7780,11,2006,0,,,0,0,0,0,0,0,0,0,0,0,0,0
640,0,0,0,1,0,0,1,8040,,,0,,,0,0,0,0,0,0,0,0,0,0,0,0
641,1,0,0,0,0,0,1,610,12,2003,1,36,2013,0,0,1,0,0,0,0,0,0,0,0,0
642,0,0,1,0,0,0,1,530,4,2005,1,35,2010,0,0,1,0,0,0,0,0,0,0,0,0
643,1,0,0,0,1,0,0,230,6,2010,1,18,2010,0,1,0,0,0,0,0,0,0,0,0,0
644,0,0,1,0,1,0,0,4030,12,2004,1,14,2011,1,0,0,0,0,0,0,0,0,0,0,0
645,1,0,0,0,1,0,0,90,,,1,45,2009,0,1,0,0,0,0,0,0,0,0,0,0
646,1,0,0,0,1,0,0,620,9,2014,0,,,0,0,0,0,0,0,0,0,0,0,0,0
647,1,0,0,0,0,0,1,7420,4,2013,0,,,0,0,0,0,0,0,0,0,0,0,0,0
648,0,0,0,1,1,0,0,2130,12,2008,0,,,0,0,0,0,0,0,0,0,0,0,0,0
649,1,0,0,0,1,0,0,14570,11,2002,0,,,0,0,0,0,0,0,0,0,0,0,0,0
650,1,0,0,0,1,0,0,1420,10,2012,1,40,2014,1,0,0,0,0,0,0,0,0,0,0,0
651,1,0,0,0,1,0,0,200,,,0,,,0,0,0,0,0,0,0,0,0,0,0,0
652,1,0,0,0,1,0,0,20390,,,0,,,0,0,0,0,0,0,0,0,0,0,0,0
653,0,0,0,1,0,0,1,7520,7,2014,1,45,2009,0,1,0,0,0,0,0,0,0,0,0,0
654,0,0,1,0,1,0,0,6930,9,2006,0,,,0,0,0,0,0,0,0,0,0,0,0,0
655,0,0,0,1,0,0,1,960,11,2012,1,5,2013,0,1,0,0,0,0,0,0,0,0,0,0
656,0,0,0,1,1,0,0,410,4,2009,1,13,2010,1,0,0,0,0,0,0,0,0,0,0,0
657,0,0,1,0,0,0,1,80,1,2006,1,10,2014,1,0,0,0,0,0,0,0,0,0,0,0
658,0,0,0,1,0,0,1,520,,,1,37,2009,1,0,0,0,0,0,0,0,0,0,0,0
659,0,0,0,1,1,0,0,1590,3,2012,0,,,0,0,0,0,0,0,0,0,0,0,0,0
660,1,0,0,0,1,0,0,1200,11,2006,1,40,2014,1,0,0,0,0,0,0,0,0,0,0,0
661,0,0,0,1,0,0,1,2140,7,2013,0,,,0,0,0,0,0,0,0,0,0,0,0,0
662,0,0,0,1,1,0,0,1070,,,0,,,0,0,0,0,0,0,0,0,0,0,0,0
663,1,0,0,0,0,0,1,7860,5,2005,0,,,0,0,0,0,0,0,0,0,0,0,0,0
664,0,0,0,1,0,0,1,1680,10,2005,0,,,0,0,0,0,0,0,0,0,0,0,0,0
665,1,0,0,0,1,0,0,90,12,2012,1,14,2011,1,0,0,0,0,0,0,0,0,0,0,0
666,0,0,1,0,0,0,1,2700,,,1,9,2011,0,0,1,0,0,0,0,0,0,0,0,0
667,0,0,0,1,0,0,1,2870,9,2012,0,,,0,0,0,0,0,0,0,0,0,0,0,0
668,0,0,1,0,1,0,0,1270,9,2010,0,,,0,0,0,0,0,0,0,0,0,0,0,0
669,0,0,0,1,1,0,0,17080,7,2012,1,31,2013,1,0,0,0,0,0,0,0,0,0,0,0
670,1,0,0,0,1,0,0,2060,,,1,45,2009,0,1,0,0,0,0,0,0,0,0,0,0
671,1,0,0,0,0,0,1,2070,2,2008,1,39,2010,1,0,0,0,0,0,0,0,0,0,0,0
672,0,0,1,0,1,0,0,240,9,2002,0,,,0,0,0,0,0,0,0,0,0,0,0,0
673,0,0,0,1,0,0,1,15170,,,1,5,2013,0,1,0,0,0,0,0,0,0,0,0,0
674,1,0,0,0,1,0,0,2640,12,2005,1,31,2013,0,1,0,0,0,0,0,0,0,0,0,0
675,1,0,0,0,1,0,0,2100,8,2013,1,14,2011,1,0,0,0,0,0,0,0,0,0,0,0
676,0,1,0,0,0,1,0,1410,9,2008,0,,,0,0,0,0,0,0,0,0,0,0,0,0
677,0,0,0,1,1,0,0,1740,6,2014,1,45,2009,0,1,0,0,0,0,0,0,0,0,0,0
678,0,0,1,0,1,0,0,3250,,,1,40,2011,1,0,0,0,0,0,0,0,0,0,0,0
679,1,0,0,0,1,0,0,4140,9,2012,0,,,0,0,0,0,0,0,0,0,0,0,0,0
680,0,0,1,0,1,0,0,170,,,1,35,2012,0,0,1,0,0,0,0,0,0,0,0,0
681,1,0,0,0,0,0,1,620,,,1,1,2014,0,0,1,0,0,0,0,0,0,0,0,0
682,0,1,0,0,1,0,0,150,9,2006,0,,,0,0,0,0,0,0,0,0,0,0,0,0
683,1,0,0,0,1,0,0,2850,7,2014,0,,,0,0,0,0,0,0,0,0,0,0,0,0
684,0,0,0,1,0,0,1,680,,,1,22,2012,1,0,0,0,0,0,0,0,0,0,0,0
685,1,0,0,0,1,0,0,650,11,2013,1,37,2009,1,0,0,0,0,0,0,0,0,0,0,0
686,1,0,0,0,1,0,0,20050,4,2002,0,,,0,0,0,0,0,0,0,0,0,0,0,0
687,0,0,0,1,0,0,1,2770,,,0,,,0,0,0,0,0,0,0,0,0,0,0,0
688,1,0,0,0,1,0,0,18760,8,2015,1,14,2011,1,0,0,0,0,0,0,0,0,0,0,0
689,0,0,0,1,1,0,0,15040,10,2004,0,,,0,0,0,0,0,0,0,0,0,0,0,0
690,1,0,0,0,1,0,0,100,,,0,,,0,0,0,0,0,0,0,0,0,0,0,0
691,0,0,0,1,0,0,1,3030,,,1,37,2009,1,0,0,0,0,0,0,0,0,0,0,0
692,1,0,0,0,1,0,0,40,8,2001,0,,,0,0,0,0,0,0,0,0,0,0,0,0
693,0,0,0,1,1,0,0,450,,,1,40,2011,1,0,0,0,0,0,0,0,0,0,0,0
694,1,0,0,0,0,0,1,460,11,2012,1,40,2014,1,0,0,0,0,0,0,0,0,0,0,0
695,1,0,0,0,1,0,0,550,7,2011,1,1,2012,1,0,0,0,0,0,0,0,0,0,0,0
696,1,0,0,0,0,0,1,430,,,0,,,0,0,0,0,0,0,0,0,0,0,0,0
697,0,0,0,1,1,0,0,3780,,,1,40,2011,1,0,0,0,0,0,0,0,0,0,0,0
698,1,0,0,0,1,0,0,1790,5,2011,0,,,0,0,0,0,0,0,0,0,0,0,0,0
699,1,0,0,0,1,0,0,180,,,1,5,2013,1,0,0,0,0,0,0,0,0,0,0,0
700,1,0,0,0,0,0,1,830,,,1,27,2013,1,0,0,0,0,0,0,0,0,0,0,0
701,0,0,0,1,1,0,0,1450,3,2012,1,14,2011,1,0,0,0,0,0,0,0,0,0,0,0
702,1,0,0,0,1,0,0,8550,9,2001,1,45,2009,0,1,0,0,0,0,0,0,0,0,0,0
703,1,0,0,0,1,0,0,80,6,2005,0,,,0,0,0,0,0,0,0,0,0,0,0,0
704,0,0,0,1,0,0,1,1910,4,2009,0,,,0,0,0,0,0,0,0,0,0,0,0,0
705,1,0,0,0,1,0,0,4140,9,2012,1,18,2011,0,1,0,0,0,0,0,0,0,0,0,0
706,0,0,0,1,1,0,0,7830,9,2014,1,10,2014,0,0,1,0,0,0,0,0,0,0,0,0
707,1,0,0,0,0,0,1,2900,7,1990,0,,,0,0,0,0,0,0,0,0,0,0,0,0
708,0,0,1,0,0,0,1,11470,10,2009,1,18,2014,1,0,0,0,0,0,0,0,0,0,0,0
709,1,0,0,0,1,0,0,500,12,2010,0,,,0,0,0,0,0,0,0,0,0,0,0,0
710,0,0,0,1,1,0,0,1500,9,2008,1,14,2011,1,0,0,0,0,0,0,0,0,0,0,0
711,0,0,0,1,1,0,0,17110,3,2007,1,5,2010,1,0,0,0,0,0,0,0,0,0,0,0
712,1,0,0,0,1,0,0,4870,9,2007,1,45,2009,1,0,0,0,0,0,0,0,0,0,0,0
713,1,0,0,0,0,0,1,220,,,1,10,2014,1,0,0,0,0,0,0,0,0,0,0,0
714,0,0,0,1,0,0,1,12070,10,2005,1,10,2013,1,0,0,0,0,0,0,0,0,0,0,0
715,1,0,0,0,1,0,0,14810,6,2014,0,,,0,0,0,0,0,0,0,0,0,0,0,0
716,0,0,0,1,1,0,0,3200,1,2008,1,22,2011,1,0,0,0,0,0,0,0,0,0,0,0
717,0,0,0,1,0,0,1,310,,,1,40,2011,1,0,0,0,0,0,0,0,0,0,0,0
718,1,0,0,0,1,0,0,1100,6,2015,0,,,0,0,0,0,0,0,0,0,0,0,0,0
719,0,0,1,0,0,0,1,8190,,,1,45,2009,0,1,0,0,0,0,0,0,0,0,0,0
720,1,0,0,0,0,0,1,15320,3,2011,1,14,2013,0,1,0,0,0,0,0,0,0,0,0,0
721,1,0,0,0,0,0,1,3590,9,2012,1,22,2012,0,0,1,0,0,0,0,0,0,0,0,0
722,1,0,0,0,1,0,0,50,,,0,,,0,0,0,0,0,0,0,0,0,0,0,0
723,0,0,0,1,0,0,1,5650,9,2008,1,5,2013,0,1,0,0,0,0,0,0,0,0,0,0
724,0,0,0,1,0,0,1,5900,,,0,,,0,0,0,0,0,0,0,0,0,0,0,0
725,0,0,0,1,0,0,1,17540,6,2012,0,,,0,0,0,0,0,0,0,0,0,0,0,0
726,1,0,0,0,0,0,1,40540,2,2002,0,,,0,0,0,0,0,0,0,0,0,0,0,0
727,1,0,0,0,1,0,0,2050,3,2007,0,,,0,0,0,0,0,0,0,0,0,0,0,0
728,0,0,0,1,1,0,0,13990,,,1,14,2011,1,0,0,0,0,0,0,0,0,0,0,0
729,0,0,1,0,0,0,1,8980,6,2011,0,,,0,0,0,0,0,0,0,0,0,0,0,0
730,0,0,1,0,1,0,0,1190,9,2013,0,,,0,0,0,0,0,0,0,0,0,0,0,0
731,1,0,0,0,1,0,0,15270,,,1,10,2014,1,0,0,0,0,0,0,0,0,0,0,0
732,1,0,0,0,0,0,1,35280,,,0,,,0,0,0,0,0,0,0,0,0,0,0,0
733,0,1,0,0,0,1,0,860,10,1999,0,,,0,0,0,0,0,0,0,0,0,0,0,0
734,1,0,0,0,1,0,0,220,,,1,36,2013,0,0,1,0,0,0,0,0,0,0,0,0
735,0,0,0,1,0,0,1,1920,4,2005,0,,,0,0,0,0,0,0,0,0,0,0,0,0
736,0,0,1,0,0,0,1,1650,,,1,14,2011,1,0,0,0,0,0,0,0,0,0,0,0
737,1,0,0,0,1,0,0,100,5,2007,1,31,2013,1,0,0,0,0,0,0,0,0,0,0,0
738,0,0,0,1,0,0,1,5980,10,2005,0,,,0,0,0,0,0,0,0,0,0,0,0,0
739,0,0,0,1,0,0,1,2770,6,2008,1,22,2011,1,0,0,0,0,0,0,0,0,0,0,0
740,0,0,0,1,1,0,0,6400,3,2014,0,,,0,0,0,0,0,0,0,0,0,0,0,0
741,0,0,0,1,0,0,1,11900,,,0,,,0,0,0,0,0,0,0,0,0,0,0,0
742,0,0,0,1,0,0,1,4380,,,0,,,0,0,0,0,0,0,0,0,0,0,0,0
743,1,0,0,0,1,0,0,6710,11,2003,1,14,2012,1,0,0,0,0,0,0,0,0,0,0,0
744,1,0,0,0,1,0,0,1370,12,2011,1,40,2014,1,0,0,0,0,0,0,0,0,0,0,0
745,1,0,0,0,1,0,0,17650,11,2013,1,37,2009,1,0,0,0,0,0,0,0,0,0,0,0
746,0,0,0,1,0,0,1,4330,2,2011,1,35,2011,0,0,1,0,0,0,0,0,0,0,0,0
747,0,0,1,0,0,0,1,45740,8,2008,0,,,0,0,0,0,0,0,0,0,0,0,0,0
748,0,0,0,1,1,0,0,2380,3,2010,1,14,2011,1,0,0,0,0,0,0,0,0,0,0,0
749,1,0,0,0,1,0,0,3410,8,2011,1,14,2015,1,0,0,0,0,0,0,0,0,0,0,0
750,0,0,0,1,1,0,0,8670,2,2002,1,14,2011,1,0,0,0,0,0,0,0,0,0,0,0
751,1,0,0,0,1,0,0,650,10,2006,0,,,0,0,0,0,0,0,0,0,0,0,0,0
752,1,0,0,0,1,0,0,970,3,2013,1,31,2013,0,1,0,0,0,0,0,0,0,0,0,0
753,0,0,0,1,0,0,1,540,11,2012,1,35,2010,0,0,1,0,0,0,0,0,0,0,0,0
754,0,0,1,0,0,0,1,380,5,2008,1,10,2014,0,0,1,0,0,0,0,0,0,0,0,0
755,0,0,0,1,0,0,1,13130,12,2003,0,,,0,0,0,0,0,0,0,0,0,0,0,0
756,1,0,0,0,0,0,1,50,,,1,40,2011,1,0,0,0,0,0,0,0,0,0,0,0
757,1,0,0,0,0,0,1,3450,,,0,,,0,0,0,0,0,0,0,0,0,0,0,0
758,1,0,0,0,0,0,1,19780,6,2008,0,,,0,0,0,0,0,0,0,0,0,0,0,0
759,1,0,0,0,1,0,0,110,11,2012,1,31,2013,0,1,0,0,0,0,0,0,0,0,0,0
760,1,0,0,0,1,0,0,560,1,2011,0,,,0,0,0,0,0,0,0,0,0,0,0,0
761,1,0,0,0,1,0,0,2390,9,2012,0,,,0,0,0,0,0,0,0,0,0,0,0,0
762,0,0,0,1,0,0,1,1280,,,1,10,2013,0,0,1,0,0,0,0,0,0,0,0,0
763,0,0,0,1,0,0,1,32240,3,2010,0,,,0,0,0,0,0,0,0,0,0,0,0,0
764,1,0,0,0,0,0,1,26490,,,1,10,2014,0,0,1,0,0,0,0,0,0,0,0,0
765,1,0,0,0,0,0,1,25430,5,1999,1,37,2009,1,0,0,0,0,0,0,0,0,0,0,0
766,0,0,0,1,0,0,1,9820,,,0,,,0,0,0,0,0,0,0,0,0,0,0,0
767,1,0,0,0,0,0,1,13080,,,0,,,0,0,0,0,0,0,0,0,0,0,0,0
768,1,0,0,0,0,0,1,2630,9,2012,0,,,0,0,0,0,0,0,0,0,0,0,0,0
769,0,1,0,0,0,1,0,840,,,1,48,2012,1,0,0,0,0,0,0,0,0,0,0,0
770,1,0,0,0,0,0,1,100,4,2015,0,,,0,0,0,0,0,0,0,0,0,0,0,0
771,1,0,0,0,1,0,0,20640,9,2007,0,,,0,0,0,0,0,0,0,0,0,0,0,0
772,0,0,0,1,0,0,1,1850,,,0,,,0,0,0,0,0,0,0,0,0,0,0,0
773,1,0,0,0,1,0,0,200,,,0,,,0,0,0,0,0,0,0,0,0,0,0,0
774,1,0,0,0,0,0,1,640,9,2013,0,,,0,0,0,0,0,0,0,0,0,0,0,0
775,0,0,0,1,0,0,1,6970,12,2005,1,22,2011,1,0,0,0,0,0,0,0,0,0,0,0
776,0,0,1,0,1,0,0,700,4,2009,1,14,2011,1,0,0,0,0,0,0,0,0,0,0,0
777,0,0,0,1,0,0,1,8250,10,2004,1,10,2013,0,0,1,0,0,0,0,0,0,0,0,0
778,1,0,0,0,1,0,0,340,6,2003,1,40,2014,1,0,0,0,0,0,0,0,0,0,0,0
779,1,0,0,0,1,0,0,16990,4,2004,0,,,0,0,0,0,0,0,0,0,0,0,0,0
780,1,0,0,0,1,0,0,18160,,,0,,,0,0,0,0,0,0,0,0,0,0,0,0
781,1,0,0,0,1,0,0,630,4,2007,0,,,0,0,0,0,0,0,0,0,0,0,0,0
782,0,0,1,0,0,0,1,5390,8,2003,1,1,2012,1,0,0,0,0,0,0,0,0,0,0,0
783,0,0,0,1,0,0,1,15490,,,0,,,0,0,0,0,0,0,0,0,0,0,0,0
784,1,0,0,0,1,0,0,560,10,2014,1,10,2014,1,0,0,0,0,0,0,0,0,0,0,0
785,0,0,0,1,0,0,1,970,7,2005,1,31,2013,0,1,0,0,0,0,0,0,0,0,0,0
786,1,0,0,0,1,0,0,290,11,2006,1,5,2013,0,1,0,0,0,0,0,0,0,0,0,0
787,0,0,1,0,0,0,1,3210,6,2009,0,,,0,0,0,0,0,0,0,0,0,0,0,0
788,1,0,0,0,0,0,1,1530,3,2013,0,,,0,0,0,0,0,0,0,0,0,0,0,0
789,1,0,0,0,0,0,1,9770,7,2003,0,,,0,0,0,0,0,0,0,0,0,0,0,0
790,0,0,0,1,0,0,1,9070,12,2003,0,,,0,0,0,0,0,0,0,0,0,0,0,0
791,1,0,0,0,1,0,0,5950,4,2007,0,,,0,0,0,0,0,0,0,0,0,0,0,0
792,0,0,0,1,1,0,0,17280,10,2009,1,18,2011,0,1,0,0,0,0,0,0,0,0,0,0
793,0,0,0,1,1,0,0,2710,7,2006,0,,,0,0,0,0,0,0,0,0,0,0,0,0
794,0,0,1,0,0,0,1,5090,9,2006,0,,,0,0,0,0,0,0,0,0,0,0,0,0
795,0,0,0,1,1,0,0,510,,,1,35,2010,0,0,1,0,0,0,0,0,0,0,0,0
796,1,0,0,0,0,0,1,7180,11,2012,0,,,0,0,0,0,0,0,0,0,0,0,0,0
797,1,0,0,0,1,0,0,2090,10,2012,1,40,2014,1,0,0,0,0,0,0,0,0,0,0,0
798,1,0,0,0,1,0,0,9560,4,2001,0,,,0,0,0,0,0,0,0,0,0,0,0,0
799,1,0,0,0,0,0,1,2700,,,0,,,0,0,0,0,0,0,0,0,0,0,0,0
800,0,0,0,1,1,0,0,2020,7,2014,0,,,0,0,0,0,0,0,0,0,0,0,0,0
801,0,0,0,1,1,0,0,48330,4,2013,0,,,0,0,0,0,0,0,0,0,0,0,0,0
802,1,0,0,0,0,0,1,910,,,1,22,2011,0,1,0,0,0,0,0,0,0,0,0,0
803,0,0,0,1,1,0,0,1760,,,1,10,2014,0,0,1,0,0,0,0,0,0,0,0,0
804,0,0,1,0,0,0,1,2100,,,1,1,2013,1,0,0,0,0,0,0,0,0,0,0,0
805,0,0,0,1,1,0,0,24770,10,2011,1,10,2014,0,0,1,0,0,0,0,0,0,0,0,0
806,0,0,0,1,1,0,0,260,,,1,44,2010,0,1,0,0,0,0,0,0,0,0,0,0
807,1,0,0,0,1,0,0,3870,4,2008,0,,,0,0,0,0,0,0,0,0,0,0,0,0
808,1,0,0,0,1,0,0,18620,,,1,31,2009,0,1,0,0,0,0,0,0,0,0,0,0
809,1,0,0,0,1,0,0,12770,10,2000,0,,,0,0,0,0,0,0,0,0,0,0,0,0
810,0,0,0,1,0,0,1,9640,11,2013,0,,,0,0,0,0,0,0,0,0,0,0,0,0
811,1,0,0,0,1,0,0,410,9,2012,0,,,0,0,0,0,0,0,0,0,0,0,0,0
812,0,0,0,1,1,0,0,2590,9,2012,0,,,0,0,0,0,0,0,0,0,0,0,0,0
813,1,0,0,0,1,0,0,1560,9,2003,0,,,0,0,0,0,0,0,0,0,0,0,0,0
814,0,0,0,1,0,0,1,24530,7,2013,0,,,0,0,0,0,0,0,0,0,0,0,0,0
815,1,0,0,0,1,0,0,590,1,1900,1,40,2014,1,0,0,0,0,0,0,0,0,0,0,0
816,0,0,1,0,0,0,1,460,,,0,,,0,0,0,0,0,0,0,0,0,0,0,0
817,1,0,0,0,1,0,0,140,3,2006,0,,,0,0,0,0,0,0,0,0,0,0,0,0
818,0,0,0,1,1,0,0,490,,,1,35,2010,0,0,1,0,0,0,0,0,0,0,0,0
819,1,0,0,0,0,0,1,720,10,2014,0,,,0,0,0,0,0,0,0,0,0,0,0,0
820,1,0,0,0,0,0,1,1650,,,1,40,2014,1,0,0,0,0,0,0,0,0,0,0,0
821,1,0,0,0,1,0,0,1700,9,2009,0,,,0,0,0,0,0,0,0,0,0,0,0,0
822,1,0,0,0,0,0,1,410,11,2010,1,48,2010,0,0,1,0,0,0,0,0,0,0,0,0
823,1,0,0,0,0,0,1,16210,11,2010,0,,,0,0,0,0,0,0,0,0,0,0,0,0
824,1,0,0,0,1,0,0,17570,,,0,,,0,0,0,0,0,0,0,0,0,0,0,0
825,1,0,0,0,1,0,0,380,5,2011,1,40,2014,1,0,0,0,0,0,0,0,0,0,0,0
826,1,0,0,0,0,0,1,7980,6,2005,0,,,0,0,0,0,0,0,0,0,0,0,0,0
827,1,0,0,0,0,0,1,250,1,2005,0,,,0,0,0,0,0,0,0,0,0,0,0,0
828,0,0,0,1,0,0,1,3290,12,2014,0,,,0,0,0,0,0,0,0,0,0,0,0,0
829,0,0,1,0,1,0,0,110,,,0,,,0,0,0,0,0,0,0,0,0,0,0,0
830,1,0,0,0,0,0,1,6320,,,1,5,2011,1,0,0,0,0,0,0,0,0,0,0,0
831,1,0,0,0,1,0,0,800,6,2007,0,,,0,0,0,0,0,0,0,0,0,0,0,0
832,0,0,0,1,1,0,0,5070,,,1,45,2009,0,1,0,0,0,0,0,0,0,0,0,0
833,0,0,0,1,0,0,1,3290,12,1999,1,35,2010,0,0,1,0,0,0,0,0,0,0,0,0
834,1,0,0,0,1,0,0,3470,3,2012,0,,,0,0,0,0,0,0,0,0,0,0,0,0
835,1,0,0,0,1,0,0,2890,12,2007,1,10,2014,0,0,1,0,0,0,0,0,0,0,0,0
836,1,0,0,0,1,0,0,2720,9,2012,0,,,0,0,0,0,0,0,0,0,0,0,0,0
837,1,0,0,0,0,0,1,14600,4,2015,0,,,0,0,0,0,0,0,0,0,0,0,0,0
838,0,0,0,1,0,0,1,6890,,,1,48,2011,0,0,1,0,0,0,0,0,0,0,0,0
839,0,0,1,0,1,0,0,240,1,2015,0,,,0,0,0,0,0,0,0,0,0,0,0,0
840,1,0,0,0,1,0,0,1070,9,2009,0,,,0,0,0,0,0,0,0,0,0,0,0,0
841,1,0,0,0,1,0,0,27650,8,2004,0,,,0,0,0,0,0,0,0,0,0,0,0,0
842,0,0,0,1,0,0,1,1200,11,2007,0,,,0,0,0,0,0,0,0,0,0,0,0,0
843,0,0,1,0,1,0,0,60,4,2006,0,,,0,0,0,0,0,0,0,0,0,0,0,0
844,1,0,0,0,1,0,0,2030,9,2012,1,18,2011,0,1,0,0,0,0,0,0,0,0,0,0
845,0,0,0,1,1,0,0,7860,11,2005,1,14,2011,1,0,0,0,0,0,0,0,0,0,0,0
846,1,0,0,0,0,0,1,8860,4,2004,1,37,2009,1,0,0,0,0,0,0,0,0,0,0,0
847,0,0,1,0,0,0,1,190,,,1,31,2013,0,1,0,0,0,0,0,0,0,0,0,0
848,1,0,0,0,0,0,1,370,7,2007,1,14,2011,1,0,0,0,0,0,0,0,0,0,0,0
849,0,0,1,0,0,0,1,5000,,,0,,,0,0,0,0,0,0,0,0,0,0,0,0
850,0,0,0,1,1,0,0,1120,5,2007,1,31,2013,1,0,0,0,0,0,0,0,0,0,0,0
851,0,0,0,1,0,0,1,2330,,,1,49,2014,0,0,1,0,0,0,0,0,0,0,0,0
852,0,0,1,0,1,0,0,940,4,2004,1,14,2011,1,0,0,0,0,0,0,0,0,0,0,0
853,1,0,0,0,1,0,0,14040,,,0,,,0,0,0,0,0,0,0,0,0,0,0,0
854,0,0,1,0,1,0,0,4770,,,1,13,2010,1,0,0,0,0,0,0,0,0,0,0,0
855,1,0,0,0,1,0,0,3440,,,1,45,2009,0,1,0,0,0,0,0,0,0,0,0,0
856,1,0,0,0,1,0,0,3020,2,2010,0,,,0,0,0,0,0,0,0,0,0,0,0,0
857,0,0,1,0,1,0,0,6270,8,2005,1,23,2014,0,0,1,0,0,0,0,0,0,0,0,0
858,1,0,0,0,1,0,0,3370,12,2008,1,40,2014,1,0,0,0,0,0,0,0,0,0,0,0
859,0,0,1,0,1,0,0,21770,7,2015,0,,,0,0,0,0,0,0,0,0,0,0,0,0
860,0,0,1,0,0,0,1,5980,2,2010,0,,,0,0,0,0,0,0,0,0,0,0,0,0
861,0,0,1,0,0,0,1,740,,,1,14,2013,0,0,1,0,0,0,0,0,0,0,0,0
862,1,0,0,0,0,0,1,2840,3,2010,1,14,2011,1,0,0,0,0,0,0,0,0,0,0,0
863,1,0,0,0,0,0,1,21370,11,2010,0,,,0,0,0,0,0,0,0,0,0,0,0,0
864,1,0,0,0,1,0,0,1020,10,2012,1,45,2009,0,1,0,0,0,0,0,0,0,0,0,0
865,0,0,0,1,0,0,1,2640,,,0,,,0,0,0,0,0,0,0,0,0,0,0,0
866,0,0,0,1,1,0,0,9680,,,1,5,2013,0,1,0,0,0,0,0,0,0,0,0,0
867,0,0,0,1,0,0,1,21810,9,2012,0,,,0,0,0,0,0,0,0,0,0,0,0,0
868,0,0,0,1,0,0,1,1360,8,2005,1,10,2014,1,0,0,0,0,0,0,0,0,0,0,0
869,0,0,1,0,1,0,0,230,10,2001,1,14,2011,1,0,0,0,0,0,0,0,0,0,0,0
870,1,0,0,0,1,0,0,780,4,2009,0,,,0,0,0,0,0,0,0,0,0,0,0,0
871,0,0,0,1,0,0,1,10620,,,0,,,0,0,0,0,0,0,0,0,0,0,0,0
872,1,0,0,0,0,0,1,3860,9,2014,1,23,2015,0,0,1,0,0,0,0,0,0,0,0,0
873,1,0,0,0,1,0,0,2040,11,2008,0,,,0,0,0,0,0,0,0,0,0,0,0,0
874,1,0,0,0,1,0,0,3210,,,0,,,0,0,0,0,0,0,0,0,0,0,0,0
875,0,0,0,1,1,0,0,5070,11,2007,1,18,2015,0,1,0,0,0,0,0,0,0,0,0,0
876,1,0,0,0,1,0,0,21790,4,2005,1,18,2015,0,1,0,0,0,0,0,0,0,0,0,0
877,1,0,0,0,0,0,1,29190,,,0,,,0,0,0,0,0,0,0,0,0,0,0,0
878,0,0,0,1,0,0,1,1100,12,2014,0,,,0,0,0,0,0,0,0,0,0,0,0,0
879,0,0,0,1,1,0,0,,,,1,5,2013,0,1,0,0,0,0,0,0,0,0,0,0
880,1,0,0,0,0,0,1,4570,,,0,,,0,0,0,0,0,0,0,0,0,0,0,0
881,1,0,0,0,1,0,0,180,3,2008,1,31,2013,0,1,0,0,0,0,0,0,0,0,0,0
882,1,0,0,0,1,0,0,30,4,2013,0,,,0,0,0,0,0,0,0,0,0,0,0,0
883,1,0,0,0,1,0,0,3200,6,2005,0,,,0,0,0,0,0,0,0,0,0,0,0,0
884,0,0,0,1,0,0,1,7550,,,0,,,0,0,0,0,0,0,0,0,0,0,0,0
885,1,0,0,0,1,0,0,480,12,2005,0,,,0,0,0,0,0,0,0,0,0,0,0,0
886,1,0,0,0,0,0,1,12430,10,2004,0,,,0,0,0,0,0,0,0,0,0,0,0,0
887,0,0,0,1,1,0,0,19700,,,1,37,2009,1,0,0,0,0,0,0,0,0,0,0,0
888,0,0,0,1,1,0,0,4450,6,2012,1,35,2012,0,0,1,0,0,0,0,0,0,0,0,0
889,0,0,0,1,1,0,0,18670,12,2005,0,,,0,0,0,0,0,0,0,0,0,0,0,0
890,1,0,0,0,1,0,0,4450,,,1,14,2011,1,0,0,0,0,0,0,0,0,0,0,0
891,1,0,0,0,0,0,1,350,,,1,31,2013,0,1,0,0,0,0,0,0,0,0,0,0
892,1,0,0,0,1,0,0,19370,4,2002,0,,,0,0,0,0,0,0,0,0,0,0,0,0
893,1,0,0,0,1,0,0,130,,,1,1,2013,1,0,0,0,0,0,0,0,0,0,0,0
894,1,0,0,0,1,0,0,190,11,2012,0,,,0,0,0,0,0,0,0,0,0,0,0,0
895,1,0,0,0,0,0,1,4150,,,0,,,0,0,0,0,0,0,0,0,0,0,0,0
896,1,0,0,0,0,0,1,170,9,2012,0,,,0,0,0,0,0,0,0,0,0,0,0,0
897,0,0,1,0,0,0,1,3290,1,2007,1,5,2013,0,1,0,0,0,0,0,0,0,0,0,0
898,1,0,0,0,1,0,0,18540,,,0,,,0,0,0,0,0,0,0,0,0,0,0,0
899,0,0,0,1,1,0,0,2590,,,1,13,2010,1,0,0,0,0,0,0,0,0,0,0,0
900,1,0,0,0,1,0,0,3920,4,2005,1,40,2014,1,0,0,0,0,0,0,0,0,0,0,0
901,1,0,0,0,0,0,1,3170,4,2014,0,,,0,0,0,0,0,0,0,0,0,0,0,0
902,1,0,0,0,1,0,0,310,5,2015,1,40,2014,1,0,0,0,0,0,0,0,0,0,0,0
903,0,0,0,1,0,0,1,7290,9,2014,0,,,0,0,0,0,0,0,0,0,0,0,0,0
904,0,0,0,1,0,0,1,570,7,2013,1,14,2011,1,0,0,0,0,0,0,0,0,0,0,0
905,1,0,0,0,1,0,0,90,6,2014,0,,,0,0,0,0,0,0,0,0,0,0,0,0
906,1,0,0,0,1,0,0,90,7,2010,0,,,0,0,0,0,0,0,0,0,0,0,0,0
907,1,0,0,0,0,0,1,250,,,0,,,0,0,0,0,0,0,0,0,0,0,0,0
908,1,0,0,0,1,0,0,1980,7,2010,1,37,2009,1,0,0,0,0,0,0,0,0,0,0,0
909,1,0,0,0,0,0,1,1680,,,1,45,2009,0,1,0,0,0,0,0,0,0,0,0,0
910,0,0,0,1,0,0,1,12480,,,1,1,2013,1,0,0,0,0,0,0,0,0,0,0,0
911,1,0,0,0,0,0,1,16490,,,0,,,0,0,0,0,0,0,0,0,0,0,0,0
912,0,0,1,0,0,0,1,3100,5,2010,0,,,0,0,0,0,0,0,0,0,0,0,0,0
913,1,0,0,0,1,0,0,280,,,0,,,0,0,0,0,0,0,0,0,0,0,0,0
914,0,0,1,0,0,0,1,2640,4,2011,1,22,2012,0,0,1,0,0,0,0,0,0,0,0,0
915,0,0,0,1,0,0,1,650,3,2013,1,40,2014,1,0,0,0,0,0,0,0,0,0,0,0
916,1,0,0,0,1,0,0,90,11,2012,0,,,0,0,0,0,0,0,0,0,0,0,0,0
917,1,0,0,0,1,0,0,7240,2,2010,0,,,0,0,0,0,0,0,0,0,0,0,0,0
918,1,0,0,0,0,0,1,18710,4,2015,0,,,0,0,0,0,0,0,0,0,0,0,0,0
919,1,0,0,0,1,0,0,2620,,,1,45,2009,0,1,0,0,0,0,0,0,0,0,0,0
920,1,0,0,0,1,0,0,850,2,2012,1,40,2014,1,0,0,0,0,0,0,0,0,0,0,0
921,1,0,0,0,1,0,0,840,9,2006,0,,,0,0,0,0,0,0,0,0,0,0,0,0
922,0,0,0,1,1,0,0,2110,3,2006,0,,,0,0,0,0,0,0,0,0,0,0,0,0
923,1,0,0,0,1,0,0,280,9,2008,0,,,0,0,0,0,0,0,0,0,0,0,0,0
924,1,0,0,0,1,0,0,6420,4,2011,1,1,2012,1,0,0,0,0,0,0,0,0,0,0,0
925,0,0,1,0,1,0,0,470,3,2007,1,1,2012,1,0,0,0,0,0,0,0,0,0,0,0
926,0,0,0,1,0,0,1,5150,3,2011,1,13,2010,1,0,0,0,0,0,0,0,0,0,0,0
927,1,0,0,0,1,0,0,480,,,0,,,0,0,0,0,0,0,0,0,0,0,0,0
928,0,0,0,1,0,0,1,1090,,,1,31,2013,0,1,0,0,0,0,0,0,0,0,0,0
929,1,0,0,0,0,0,1,4820,9,2013,0,,,0,0,0,0,0,0,0,0,0,0,0,0
930,1,0,0,0,1,0,0,70,,,0,,,0,0,0,0,0,0,0,0,0,0,0,0
931,1,0,0,0,0,0,1,1480,9,2011,1,1,2012,1,0,0,0,0,0,0,0,0,0,0,0
932,1,0,0,0,1,0,0,15700,,,1,13,2010,1,0,0,0,0,0,0,0,0,0,0,0
933,1,0,0,0,0,0,1,6270,2,2005,0,,,0,0,0,0,0,0,0,0,0,0,0,0
934,1,0,0,0,0,0,1,5460,,,1,14,2011,1,0,0,0,0,0,0,0,0,0,0,0
935,1,0,0,0,0,0,1,22350,6,2010,0,,,0,0,0,0,0,0,0,0,0,0,0,0
936,1,0,0,0,1,0,0,580,2,2008,0,,,0,0,0,0,0,0,0,0,0,0,0,0
937,0,0,0,1,1,0,0,2810,,,1,10,2014,1,0,0,0,0,0,0,0,0,0,0,0
938,1,0,0,0,1,0,0,2820,9,2009,0,,,0,0,0,0,0,0,0,0,0,0,0,0
939,0,0,0,1,1,0,0,1340,,,0,,,0,0,0,0,0,0,0,0,0,0,0,0
940,0,0,0,1,0,0,1,6470,9,2012,0,,,0,0,0,0,0,0,0,0,0,0,0,0
941,1,0,0,0,1,0,0,1200,12,2011,1,31,2013,1,0,0,0,0,0,0,0,0,0,0,0
942,0,0,0,1,0,0,1,6860,,,1,18,2011,1,0,0,0,0,0,0,0,0,0,0,0
943,0,0,0,1,0,0,1,18020,,,0,,,0,0,0,0,0,0,0,0,0,0,0,0
944,0,0,1,0,1,0,0,1670,7,2015,0,,,0,0,0,0,0,0,0,0,0,0,0,0
945,1,0,0,0,0,0,1,12480,3,2011,0,,,0,0,0,0,0,0,0,0,0,0,0,0
946,1,0,0,0,1,0,0,2220,12,2011,1,14,2015,1,0,0,0,0,0,0,0,0,0,0,0
947,1,0,0,0,1,0,0,460,3,2014,1,13,2010,1,0,0,0,0,0,0,0,0,0,0,0
948,0,1,0,0,0,1,0,1430,,,0,,,0,0,0,0,0,0,0,0,0,0,0,0
949,1,0,0,0,1,0,0,870,3,2006,0,,,0,0,0,0,0,0,0,0,0,0,0,0
950,1,0,0,0,1,0,0,8460,11,1994,0,,,0,0,0,0,0,0,0,0,0,0,0,0
951,0,0,0,1,0,0,1,710,,,1,40,2011,1,0,0,0,0,0,0,0,0,0,0,0
952,0,0,0,1,0,0,1,6300,10,2013,0,,,0,0,0,0,0,0,0,0,0,0,0,0
953,1,0,0,0,1,0,0,19830,4,2006,1,22,2011,0,0,1,0,0,0,0,0,0,0,0,0
954,1,0,0,0,1,0,0,390,2,2013,1,10,2014,1,0,0,0,0,0,0,0,0,0,0,0
955,0,0,0,1,0,0,1,1690,7,2009,1,36,2013,0,0,1,0,0,0,0,0,0,0,0,0
956,1,0,0,0,1,0,0,2330,10,2014,1,18,2011,0,1,0,0,0,0,0,0,0,0,0,0
957,0,0,0,1,0,0,1,1420,11,2012,0,,,0,0,0,0,0,0,0,0,0,0,0,0
958,1,0,0,0,1,0,0,440,11,2013,0,,,0,0,0,0,0,0,0,0,0,0,0,0
959,1,0,0,0,0,0,1,1060,12,2005,0,,,0,0,0,0,0,0,0,0,0,0,0,0
960,0,0,0,1,1,0,0,8990,,,1,31,2009,0,1,0,0,0,0,0,0,0,0,0,0
961,0,0,0,1,0,0,1,9430,,,0,,,0,0,0,0,0,0,0,0,0,0,0,0
962,0,0,1,0,1,0,0,260,,,0,,,0,0,0,0,0,0,0,0,0,0,0,0
963,1,0,0,0,0,0,1,23620,11,2013,0,,,0,0,0,0,0,0,0,0,0,0,0,0
964,1,0,0,0,1,0,0,270,,,1,5,2013,0,1,0,0,0,0,0,0,0,0,0,0
965,1,0,0,0,0,0,1,110,,,0,,,0,0,0,0,0,0,0,0,0,0,0,0
966,1,0,0,0,1,0,0,760,2,2008,0,,,0,0,0,0,0,0,0,0,0,0,0,0
967,1,0,0,0,0,0,1,3560,9,2013,1,36,2013,1,0,0,0,0,0,0,0,0,0,0,0
968,0,0,1,0,1,0,0,1190,,,0,,,0,0,0,0,0,0,0,0,0,0,0,0
969,1,0,0,0,0,0,1,600,11,1999,1,10,2013,1,0,0,0,0,0,0,0,0,0,0,0
970,1,0,0,0,1,0,0,910,12,2014,1,37,2009,1,0,0,0,0,0,0,0,0,0,0,0
971,0,0,1,0,1,0,0,1140,5,2011,1,14,2012,0,0,1,0,0,0,0,0,0,0,0,0
972,1,0,0,0,1,0,0,14960,,,0,,,0,0,0,0,0,0,0,0,0,0,0,0
973,0,0,0,1,0,0,1,330,,,1,28,2012,1,0,0,0,0,0,0,0,0,0,0,0
974,1,0,0,0,1,0,0,150,3,2011,1,40,2014,1,0,0,0,0,0,0,0,0,0,0,0
975,1,0,0,0,0,0,1,9630,,,1,14,2011,1,0,0,0,0,0,0,0,0,0,0,0
976,1,0,0,0,1,0,0,4180,,,0,,,0,0,0,0,0,0,0,0,0,0,0,0
977,1,0,0,0,1,0,0,520,9,2005,1,13,2010,1,0,0,0,0,0,0,0,0,0,0,0
978,0,0,1,0,0,0,1,3890,,,0,,,0,0,0,0,0,0,0,0,0,0,0,0
979,1,0,0,0,0,0,1,2270,11,2005,1,14,2011,1,0,0,0,0,0,0,0,0,0,0,0
980,1,0,0,0,1,0,0,4420,9,2005,0,,,0,0,0,0,0,0,0,0,0,0,0,0
981,0,0,0,1,0,0,1,2620,11,2002,0,,,0,0,0,0,0,0,0,0,0,0,0,0
982,0,0,0,1,1,0,0,21930,,,0,,,0,0,0,0,0,0,0,0,0,0,0,0
983,1,0,0,0,1,0,0,40,3,2014,1,1,2014,1,0,0,0,0,0,0,0,0,0,0,0
984,0,0,1,0,1,0,0,440,,,1,1,2013,1,0,0,0,0,0,0,0,0,0,0,0
985,0,0,1,0,0,0,1,490,5,2007,1,13,2010,1,0,0,0,0,0,0,0,0,0,0,0
986,1,0,0,0,1,0,0,620,10,2014,1,18,2014,0,1,0,0,0,0,0,0,0,0,0,0
987,0,0,1,0,1,0,0,1690,6,2007,0,,,0,0,0,0,0,0,0,0,0,0,0,0
988,1,0,0,0,1,0,0,30,11,2012,0,,,0,0,0,0,0,0,0,0,0,0,0,0
989,1,0,0,0,1,0,0,1640,6,2006,1,40,2011,1,0,0,0,0,0,0,0,0,0,0,0
990,0,0,0,1,1,0,0,20930,,,0,,,0,0,0,0,0,0,0,0,0,0,0,0
991,1,0,0,0,1,0,0,1010,,,0,,,0,0,0,0,0,0,0,0,0,0,0,0
992,1,0,0,0,1,0,0,2480,7,1990,0,,,0,0,0,0,0,0,0,0,0,0,0,0
993,0,0,0,1,0,0,1,3460,10,2013,1,10,2014,1,0,0,0,0,0,0,0,0,0,0,0
994,1,0,0,0,1,0,0,2290,7,2011,1,1,2012,1,0,0,0,0,0,0,0,0,0,0,0
995,0,0,0,1,1,0,0,6560,12,2013,0,,,0,0,0,0,0,0,0,0,0,0,0,0
996,0,0,1,0,1,0,0,2870,7,2015,1,13,2010,1,0,0,0,0,0,0,0,0,0,0,0
997,0,0,0,1,0,0,1,5840,7,2010,1,37,2009,1,0,0,0,0,0,0,0,0,0,0,0
998,1,0,0,0,1,0,0,780,9,2005,1,5,2013,0,1,0,0,0,0,0,0,0,0,0,0
999,0,0,0,1,0,0,1,15140,2,2002,1,37,2009,1,0,0,0,0,0,0,0,0,0,0,0
1000,1,0,0,0,0,0,1,2230,5,2009,1,40,2014,1,0,0,0,0,0,0,0,0,0,0,0
1001,0,0,1,0,1,0,0,19640,,,1,14,2011,1,0,0,0,0,0,0,0,0,0,0,0
1002,0,0,0,1,0,0,1,1130,11,2008,0,,,0,0,0,0,0,0,0,0,0,0,0,0
1003,1,0,0,0,1,0,0,170,7,2013,1,27,2013,1,0,0,0,0,0,0,0,0,0,0,0
1004,0,0,0,1,0,0,1,970,,,1,9,2011,0,0,1,0,0,0,0,0,0,0,0,0
1005,1,0,0,0,1,0,0,6480,,,0,,,0,0,0,0,0,0,0,0,0,0,0,0
1006,0,0,1,0,0,0,1,3890,11,2006,1,5,2013,0,1,0,0,0,0,0,0,0,0,0,0
1007,0,0,1,0,0,0,1,4180,9,2012,0,,,0,0,0,0,0,0,0,0,0,0,0,0
1008,1,0,0,0,0,0,1,30,9,2010,0,,,0,0,0,0,0,0,0,0,0,0,0,0
1009,1,0,0,0,1,0,0,230,7,2004,1,10,2014,1,0,0,0,0,0,0,0,0,0,0,0
1010,0,0,0,1,0,0,1,4610,6,2010,1,18,2010,0,1,0,0,0,0,0,0,0,0,0,0
1011,1,0,0,0,0,0,1,490,9,2012,1,18,2011,0,1,0,0,0,0,0,0,0,0,0,0
1012,0,0,0,1,0,0,1,6330,6,2004,1,39,2010,1,0,0,0,0,0,0,0,0,0,0,0
1013,1,0,0,0,1,0,0,630,2,2015,1,31,2013,0,1,0,0,0,0,0,0,0,0,0,0
1014,1,0,0,0,0,0,1,210,,,1,31,2013,1,0,0,0,0,0,0,0,0,0,0,0
1015,0,0,0,1,0,0,1,9910,12,2010,1,9,2011,0,0,1,0,0,0,0,0,0,0,0,0
1016,0,0,1,0,0,0,1,550,,,1,35,2010,0,0,1,0,0,0,0,0,0,0,0,0
1017,0,0,1,0,1,0,0,110,11,2008,0,,,0,0,0,0,0,0,0,0,0,0,0,0
1018,0,0,1,0,0,0,1,140,9,2012,0,,,0,0,0,0,0,0,0,0,0,0,0,0
1019,0,0,0,1,0,0,1,2740,7,2014,1,13,2010,1,0,0,0,0,0,0,0,0,0,0,0
1020,1,0,0,0,1,0,0,40,8,2015,0,,,0,0,0,0,0,0,0,0,0,0,0,0
1021,1,0,0,0,1,0,0,1080,5,2011,0,,,0,0,0,0,0,0,0,0,0,0,0,0
1022,1,0,0,0,0,0,1,1520,,,0,,,0,0,0,0,0,0,0,0,0,0,0,0
1023,0,0,1,0,1,0,0,3740,2,2002,1,14,2011,1,0,0,0,0,0,0,0,0,0,0,0
1024,0,0,1,0,0,0,1,1990,1,2012,0,,,0,0,0,0,0,0,0,0,0,0,0,0
1025,1,0,0,0,1,0,0,720,11,2009,0,,,0,0,0,0,0,0,0,0,0,0,0,0
1026,0,0,1,0,1,0,0,450,6,2011,1,48,2012,0,0,1,0,0,0,0,0,0,0,0,0
1027,1,0,0,0,0,0,1,190,6,2008,1,40,2011,1,0,0,0,0,0,0,0,0,0,0,0
1028,1,0,0,0,1,0,0,150,,,1,31,2013,1,0,0,0,0,0,0,0,0,0,0,0
1029,1,0,0,0,1,0,0,1590,3,2006,0,,,0,0,0,0,0,0,0,0,0,0,0,0
1030,1,0,0,0,1,0,0,36410,4,2008,0,,,0,0,0,0,0,0,0,0,0,0,0,0
1031,0,0,0,1,1,0,0,590,5,2001,0,,,0,0,0,0,0,0,0,0,0,0,0,0
1032,0,0,0,1,0,0,1,270,2,2013,1,40,2012,1,0,0,0,0,0,0,0,0,0,0,0
1033,1,0,0,0,1,0,0,7680,3,2006,0,,,0,0,0,0,0,0,0,0,0,0,0,0
1034,1,0,0,0,1,0,0,13750,4,2015,0,,,0,0,0,0,0,0,0,0,0,0,0,0
1035,1,0,0,0,1,0,0,27150,,,0,,,0,0,0,0,0,0,0,0,0,0,0,0
1036,0,0,0,1,0,0,1,9560,,,1,36,2013,1,0,0,0,0,0,0,0,0,0,0,0
1037,1,0,0,0,0,0,1,150,,,0,,,0,0,0,0,0,0,0,0,0,0,0,0
1038,0,0,0,1,1,0,0,17290,10,2013,0,,,0,0,0,0,0,0,0,0,0,0,0,0
1039,1,0,0,0,0,0,1,70,6,1990,1,22,2012,0,0,1,0,0,0,0,0,0,0,0,0
1040,1,0,0,0,1,0,0,4030,2,2013,1,10,2014,1,0,0,0,0,0,0,0,0,0,0,0
1041,0,0,1,0,1,0,0,1600,8,2013,1,40,2014,1,0,0,0,0,0,0,0,0,0,0,0
1042,1,0,0,0,1,0,0,3440,,,1,31,2013,0,1,0,0,0,0,0,0,0,0,0,0
1043,0,0,1,0,1,0,0,420,3,2006,0,,,0,0,0,0,0,0,0,0,0,0,0,0
1044,0,0,1,0,1,0,0,240,4,2015,1,13,2010,1,0,0,0,0,0,0,0,0,0,0,0
1045,1,0,0,0,0,0,1,26990,12,2013,0,,,0,0,0,0,0,0,0,0,0,0,0,0
1046,0,0,0,1,0,0,1,29070,4,2005,0,,,0,0,0,0,0,0,0,0,0,0,0,0
1047,1,0,0,0,1,0,0,3750,,,1,45,2009,0,1,0,0,0,0,0,0,0,0,0,0
1048,0,0,0,1,0,0,1,1860,9,2012,1,40,2012,1,0,0,0,0,0,0,0,0,0,0,0
1049,1,0,0,0,1,0,0,370,7,2012,1,14,2011,1,0,0,0,0,0,0,0,0,0,0,0
1050,0,0,0,1,0,0,1,13170,8,2014,1,9,2011,0,0,1,0,0,0,0,0,0,0,0,0
1051,0,0,1,0,1,0,0,200,7,1998,1,1,2012,1,0,0,0,0,0,0,0,0,0,0,0
1052,1,0,0,0,0,0,1,5080,,,1,31,2013,0,1,0,0,0,0,0,0,0,0,0,0
1053,1,0,0,0,1,0,0,1710,7,2015,0,,,0,0,0,0,0,0,0,0,0,0,0,0
1054,1,0,0,0,0,0,1,13190,,,1,45,2013,0,1,0,0,0,0,0,0,0,0,0,0
1055,0,0,1,0,1,0,0,1980,4,2009,0,,,0,0,0,0,0,0,0,0,0,0,0,0
1056,0,0,0,1,0,0,1,5350,,,1,40,2012,1,0,0,0,0,0,0,0,0,0,0,0
1057,0,0,0,1,0,0,1,3230,11,2011,0,,,0,0,0,0,0,0,0,0,0,0,0,0
1058,1,0,0,0,0,0,1,180,,,1,35,2010,0,0,1,0,0,0,0,0,0,0,0,0
1059,0,0,1,0,1,0,0,3380,4,2013,0,,,0,0,0,0,0,0,0,0,0,0,0,0
1060,1,0,0,0,0,0,1,3430,,,1,31,2013,0,1,0,0,0,0,0,0,0,0,0,0
1061,0,0,0,1,0,0,1,8110,,,0,,,0,0,0,0,0,0,0,0,0,0,0,0
1062,0,0,0,1,1,0,0,190,9,2012,1,40,2012,0,1,0,0,0,0,0,0,0,0,0,0
1063,1,0,0,0,0,0,1,6250,,,0,,,0,0,0,0,0,0,0,0,0,0,0,0
1064,1,0,0,0,0,0,1,420,,,0,,,0,0,0,0,0,0,0,0,0,0,0,0
1065,1,0,0,0,1,0,0,1290,,,1,35,2011,0,0,1,0,0,0,0,0,0,0,0,0
1066,1,0,0,0,1,0,0,3350,,,0,,,0,0,0,0,0,0,0,0,0,0,0,0
1067,0,0,0,1,0,0,1,12020,7,2009,0,,,0,0,0,0,0,0,0,0,0,0,0,0
1068,0,0,0,1,0,0,1,5010,,,1,5,2013,1,0,0,0,0,0,0,0,0,0,0,0
1069,1,0,0,0,0,0,1,18050,,,1,14,2011,1,0,0,0,0,0,0,0,0,0,0,0
1070,0,0,1,0,0,0,1,400,10,2008,0,,,0,0,0,0,0,0,0,0,0,0,0,0
1071,1,0,0,0,1,0,0,820,3,2012,1,35,2012,0,0,1,0,0,0,0,0,0,0,0,0
1072,1,0,0,0,0,0,1,5380,8,2015,1,5,2010,0,1,0,0,0,0,0,0,0,0,0,0
1073,1,0,0,0,0,0,1,1710,,,1,44,2012,1,0,0,0,0,0,0,0,0,0,0,0
1074,0,0,1,0,0,0,1,3330,10,2001,1,14,2011,1,0,0,0,0,0,0,0,0,0,0,0
1075,1,0,0,0,0,0,1,1410,10,2013,0,,,0,0,0,0,0,0,0,0,0,0,0,0
1076,1,0,0,0,0,0,1,90,,,1,1,2013,1,0,0,0,0,0,0,0,0,0,0,0
1077,1,0,0,0,1,0,0,3750,11,2001,1,35,2010,0,0,1,0,0,0,0,0,0,0,0,0
1078,0,0,0,1,0,0,1,670,,,1,40,2011,1,0,0,0,0,0,0,0,0,0,0,0
1079,1,0,0,0,1,0,0,16680,,,1,37,2009,1,0,0,0,0,0,0,0,0,0,0,0
1080,1,0,0,0,1,0,0,2410,,,1,40,2014,1,0,0,0,0,0,0,0,0,0,0,0
1081,0,1,0,0,1,0,0,400,3,2006,0,,,0,0,0,0,0,0,0,0,0,0,0,0
1082,0,0,1,0,1,0,0,440,4,2002,0,,,0,0,0,0,0,0,0,0,0,0,0,0
1083,0,0,0,1,0,0,1,11540,,,1,5,2013,0,1,0,0,0,0,0,0,0,0,0,0
1084,1,0,0,0,1,0,0,190,,,1,13,2010,1,0,0,0,0,0,0,0,0,0,0,0
1085,0,0,1,0,1,0,0,4030,2,2015,0,,,0,0,0,0,0,0,0,0,0,0,0,0
1086,1,0,0,0,1,0,0,180,11,2013,1,18,2011,0,1,0,0,0,0,0,0,0,0,0,0
1087,0,0,0,1,0,0,1,2210,11,2011,0,,,0,0,0,0,0,0,0,0,0,0,0,0
1088,1,0,0,0,1,0,0,4300,3,2009,1,27,2013,1,0,0,0,0,0,0,0,0,0,0,0
1089,0,0,0,1,1,0,0,5220,5,2009,0,,,0,0,0,0,0,0,0,0,0,0,0,0
1090,1,0,0,0,1,0,0,330,,,1,14,2011,1,0,0,0,0,0,0,0,0,0,0,0
1091,1,0,0,0,0,0,1,9990,,,0,,,0,0,0,0,0,0,0,0,0,0,0,0
1092,1,0,0,0,1,0,0,300,7,2000,1,40,2014,1,0,0,0,0,0,0,0,0,0,0,0
1093,0,0,1,0,0,0,1,10450,6,2009,0,,,0,0,0,0,0,0,0,0,0,0,0,0
1094,0,0,0,1,1,0,0,2380,3,2013,1,40,2014,1,0,0,0,0,0,0,0,0,0,0,0
1095,1,0,0,0,1,0,0,690,6,2007,1,14,2011,1,0,0,0,0,0,0,0,0,0,0,0
1096,1,0,0,0,0,0,1,1130,,,1,10,2014,0,0,1,0,0,0,0,0,0,0,0,0
1097,0,1,0,0,0,1,0,720,3,2002,0,,,0,0,0,0,0,0,0,0,0,0,0,0
1098,1,0,0,0,1,0,0,1830,11,2004,0,,,0,0,0,0,0,0,0,0,0,0,0,0
1099,1,0,0,0,0,0,1,200,4,2013,1,14,2013,1,0,0,0,0,0,0,0,0,0,0,0
1100,1,0,0,0,1,0,0,540,,,1,14,2011,1,0,0,0,0,0,0,0,0,0,0,0
1101,0,0,0,1,0,0,1,4060,9,2012,0,,,0,0,0,0,0,0,0,0,0,0,0,0
1102,1,0,0,0,1,0,0,850,11,2012,1,40,2014,1,0,0,0,0,0,0,0,0,0,0,0
1103,0,0,0,1,0,0,1,1340,10,2006,1,5,2013,0,1,0,0,0,0,0,0,0,0,0,0
1104,0,0,0,1,1,0,0,260,2,2012,1,14,2011,1,0,0,0,0,0,0,0,0,0,0,0
1105,0,0,1,0,0,0,1,330,11,2008,1,5,2013,0,1,0,0,0,0,0,0,0,0,0,0
1106,1,0,0,0,0,0,1,5330,9,2011,1,31,2013,1,0,0,0,0,0,0,0,0,0,0,0
1107,1,0,0,0,1,0,0,1400,6,2012,1,13,2010,1,0,0,0,0,0,0,0,0,0,0,0
1108,1,0,0,0,1,0,0,540,4,2004,0,,,0,0,0,0,0,0,0,0,0,0,0,0
1109,0,0,1,0,1,0,0,3490,4,2011,1,22,2012,1,0,0,0,0,0,0,0,0,0,0,0
1110,0,0,1,0,0,0,1,900,9,2010,0,,,0,0,0,0,0,0,0,0,0,0,0,0
1111,1,0,0,0,1,0,0,1900,6,2014,1,31,2013,1,0,0,0,0,0,0,0,0,0,0,0
1112,0,0,1,0,0,0,1,1880,4,2006,0,,,0,0,0,0,0,0,0,0,0,0,0,0
1113,1,0,0,0,0,0,1,9260,,,0,,,0,0,0,0,0,0,0,0,0,0,0,0
1114,1,0,0,0,0,0,1,870,,,0,,,0,0,0,0,0,0,0,0,0,0,0,0
1115,0,0,0,1,0,0,1,5350,,,1,22,2012,0,0,1,0,0,0,0,0,0,0,0,0
